school,sex,address,famsize,Pstatus,schoolsup,famsup,paid,activities,nursery,higher,internet,romantic,Mjob_health,Mjob_other,Mjob_services,Mjob_teacher,Fjob_health,Fjob_other,Fjob_services,Fjob_teacher,reason_home,reason_other,reason_reputation,guardian_mother,guardian_other,age,Medu,Fedu,traveltime,studytime,failures,famrel,freetime,goout,Dalc,Walc,health,absences
0,0,1,0,1,0,1,1,0,0,1,1,0,0.0,0.0,1.0,0.0,0.0,0.0,1.0,0.0,1.0,0.0,0.0,1.0,0.0,-0.5462869417025411,-0.6853872055720913,-0.4798567654298188,-0.6432494670875735,-1.2353507832384072,2.2429008939014285,-3.2878041101753888,-1.238419137394531,-0.997295264883693,-0.5406986566036541,0.55109995870476,1.0410698456029082,1.0373053937622858
0,0,0,0,1,0,1,0,0,1,0,1,1,0.0,1.0,0.0,0.0,0.0,1.0,0.0,0.0,0.0,0.0,1.0,1.0,0.0,1.023046454461126,-0.6853872055720913,-1.3999704661326267,0.7922507560739607,-0.04228584588102149,-0.4499436443692835,0.06219405883392808,-0.23601020446248228,1.7008665818906816,-0.5406986566036541,-0.2263446258965981,-0.3992894854413955,-0.7142362329569328
0,0,0,0,1,0,1,0,1,1,1,0,0,1.0,0.0,0.0,0.0,0.0,0.0,0.0,1.0,0.0,1.0,0.0,1.0,0.0,-0.5462869417025411,1.1438556741642336,1.3603706359757965,-0.6432494670875735,-0.04228584588102149,-0.4499436443692835,-2.1711380538389498,0.7663987284695665,0.8014792996325567,0.5833853926513113,0.55109995870476,0.32089018008075637,0.03642446420844665
0,1,1,1,1,0,0,0,0,1,1,0,1,0.0,0.0,1.0,0.0,0.0,1.0,0.0,0.0,0.0,0.0,0.0,1.0,0.0,-0.5462869417025411,-1.6000086454402538,-1.3999704661326267,-0.6432494670875735,-0.04228584588102149,0.8964786247660724,0.06219405883392808,0.7663987284695665,0.8014792996325567,-0.5406986566036541,0.55109995870476,1.0410698456029082,-0.7142362329569328
0,1,1,0,1,1,1,0,0,1,1,1,0,0.0,0.0,1.0,0.0,0.0,0.0,1.0,0.0,0.0,0.0,0.0,0.0,0.0,-1.3309536397843746,-0.6853872055720913,-0.4798567654298188,-0.6432494670875735,-1.2353507832384072,-0.4499436443692835,1.178860115170367,0.7663987284695665,-1.896682547141818,-0.5406986566036541,-1.0037892104979562,-1.8396488164856992,-0.7142362329569328
0,0,1,1,1,0,1,0,0,1,1,1,0,0.0,0.0,1.0,0.0,0.0,0.0,1.0,0.0,1.0,0.0,0.0,1.0,0.0,1.023046454461126,0.2292342342960711,0.4402569352729889,-0.6432494670875735,2.34384402883375,-0.4499436443692835,1.178860115170367,-0.23601020446248228,-0.09790798262556814,-0.5406986566036541,-1.0037892104979562,-1.8396488164856992,0.16153458040267657
0,1,1,0,1,0,0,0,0,0,0,1,1,0.0,0.0,1.0,0.0,0.0,0.0,1.0,0.0,0.0,1.0,0.0,1.0,0.0,4.1617132467884606,0.2292342342960711,-1.3999704661326267,-0.6432494670875735,-1.2353507832384072,3.5893231630367843,1.178860115170367,0.7663987284695665,1.7008665818906816,3.955637540416207,2.1059891279074763,-1.8396488164856992,1.2875256261507457
0,1,1,1,1,0,0,0,1,0,1,1,0,0.0,0.0,0.0,1.0,0.0,1.0,0.0,0.0,0.0,0.0,0.0,1.0,0.0,-0.5462869417025411,1.1438556741642336,0.4402569352729889,-0.6432494670875735,-1.2353507832384072,-0.4499436443692835,1.178860115170367,0.7663987284695665,1.7008665818906816,-0.5406986566036541,-1.0037892104979562,-0.3992894854413955,-0.7142362329569328
0,1,1,0,1,0,1,0,1,1,1,1,0,0.0,0.0,0.0,1.0,0.0,0.0,1.0,0.0,1.0,0.0,0.0,0.0,0.0,1.023046454461126,1.1438556741642336,1.3603706359757965,-0.6432494670875735,-0.04228584588102149,0.8964786247660724,0.06219405883392808,-0.23601020446248228,-0.09790798262556814,0.5833853926513113,-0.2263446258965981,-1.1194691509635473,-0.7142362329569328
0,1,1,1,1,0,1,1,0,1,1,1,1,0.0,0.0,1.0,0.0,0.0,1.0,0.0,0.0,1.0,0.0,0.0,1.0,0.0,0.23837975637929248,1.1438556741642336,1.3603706359757965,-0.6432494670875735,-0.04228584588102149,-0.4499436443692835,1.178860115170367,-0.23601020446248228,1.7008665818906816,2.831553491161242,2.1059891279074763,-0.3992894854413955,0.912195277568056
0,0,1,0,1,0,1,1,1,1,1,1,0,0.0,0.0,0.0,1.0,0.0,0.0,1.0,0.0,0.0,0.0,0.0,1.0,0.0,-1.3309536397843746,1.1438556741642336,1.3603706359757965,-0.6432494670875735,1.1507790914763643,-0.4499436443692835,0.06219405883392808,-1.238419137394531,-0.997295264883693,-0.5406986566036541,-1.0037892104979562,1.0410698456029082,-0.464016000568473
0,0,1,0,1,0,1,1,0,1,1,1,0,0.0,1.0,0.0,0.0,0.0,1.0,0.0,0.0,0.0,0.0,1.0,1.0,0.0,-0.5462869417025411,0.2292342342960711,-0.4798567654298188,-0.6432494670875735,-0.04228584588102149,-0.4499436443692835,-3.2878041101753888,-1.238419137394531,-0.997295264883693,-0.5406986566036541,-0.2263446258965981,-1.8396488164856992,1.0373053937622858
0,1,1,0,1,1,1,1,1,0,1,1,1,0.0,1.0,0.0,0.0,0.0,0.0,1.0,0.0,0.0,0.0,0.0,0.0,0.0,-1.3309536397843746,-0.6853872055720913,0.4402569352729889,-0.6432494670875735,-1.2353507832384072,-0.4499436443692835,-1.0544719975025107,-1.238419137394531,-0.997295264883693,-0.5406986566036541,0.55109995870476,-0.3992894854413955,-0.464016000568473
0,0,0,0,1,0,0,1,1,1,1,1,0,0.0,0.0,0.0,1.0,0.0,1.0,0.0,0.0,0.0,0.0,1.0,1.0,0.0,1.023046454461126,1.1438556741642336,1.3603706359757965,0.7922507560739607,-0.04228584588102149,-0.4499436443692835,0.06219405883392808,-0.23601020446248228,0.8014792996325567,0.5833853926513113,-0.2263446258965981,0.32089018008075637,0.28664469659690645
1,0,0,0,1,0,0,0,1,1,1,1,0,0.0,1.0,0.0,0.0,0.0,1.0,0.0,0.0,0.0,0.0,0.0,1.0,0.0,0.23837975637929248,-1.6000086454402538,-0.4798567654298188,-0.6432494670875735,-1.2353507832384072,-0.4499436443692835,-1.0544719975025107,1.7688076614016153,1.7008665818906816,-0.5406986566036541,0.55109995870476,-1.8396488164856992,1.0373053937622858
0,0,1,1,0,0,0,1,0,1,1,1,0,0.0,1.0,0.0,0.0,0.0,1.0,0.0,0.0,0.0,1.0,0.0,1.0,0.0,-1.3309536397843746,0.2292342342960711,0.4402569352729889,-0.6432494670875735,-1.2353507832384072,-0.4499436443692835,1.178860115170367,-0.23601020446248228,0.8014792996325567,2.831553491161242,1.328544543306118,-1.8396488164856992,0.03642446420844665
0,0,1,0,1,0,0,1,0,1,1,1,1,1.0,0.0,0.0,0.0,0.0,0.0,1.0,0.0,1.0,0.0,0.0,0.0,0.0,-0.5462869417025411,1.1438556741642336,-0.4798567654298188,-0.6432494670875735,-0.04228584588102149,-0.4499436443692835,0.06219405883392808,-1.238419137394531,-0.09790798262556814,-0.5406986566036541,-1.0037892104979562,-0.3992894854413955,-0.7142362329569328
0,0,1,0,0,0,0,0,0,1,1,1,0,0.0,0.0,1.0,0.0,0.0,1.0,0.0,0.0,0.0,0.0,0.0,0.0,0.0,-0.5462869417025411,0.2292342342960711,1.3603706359757965,-0.6432494670875735,-1.2353507832384072,-0.4499436443692835,-1.0544719975025107,-1.238419137394531,-1.896682547141818,-0.5406986566036541,1.328544543306118,1.0410698456029082,1.2875256261507457
1,0,1,1,1,0,0,0,0,1,1,1,0,0.0,0.0,0.0,0.0,0.0,0.0,1.0,0.0,0.0,0.0,0.0,0.0,0.0,1.023046454461126,-1.6000086454402538,-1.3999704661326267,0.7922507560739607,1.1507790914763643,-0.4499436443692835,1.178860115170367,-0.23601020446248228,-0.997295264883693,-0.5406986566036541,-1.0037892104979562,0.32089018008075637,-0.7142362329569328
0,0,1,0,1,0,1,1,0,1,1,0,0,0.0,1.0,0.0,0.0,0.0,1.0,0.0,0.0,1.0,0.0,0.0,0.0,0.0,-0.5462869417025411,0.2292342342960711,0.4402569352729889,-0.6432494670875735,-0.04228584588102149,-0.4499436443692835,0.06219405883392808,-0.23601020446248228,-0.997295264883693,-0.5406986566036541,-0.2263446258965981,1.0410698456029082,-0.21379576818001317
0,1,1,1,1,0,1,1,1,1,1,1,0,0.0,0.0,1.0,0.0,0.0,1.0,0.0,0.0,0.0,0.0,1.0,1.0,0.0,-0.5462869417025411,1.1438556741642336,0.4402569352729889,-0.6432494670875735,-0.04228584588102149,-0.4499436443692835,1.178860115170367,0.7663987284695665,-0.997295264883693,-0.5406986566036541,-0.2263446258965981,1.0410698456029082,0.5368649289853663
0,1,1,0,1,0,1,0,1,0,0,0,0,0.0,0.0,1.0,0.0,0.0,0.0,1.0,0.0,0.0,0.0,0.0,1.0,0.0,-0.5462869417025411,0.2292342342960711,-0.4798567654298188,0.7922507560739607,-1.2353507832384072,0.8964786247660724,0.06219405883392808,1.7688076614016153,-0.997295264883693,-0.5406986566036541,-1.0037892104979562,-1.1194691509635473,1.2875256261507457
0,0,0,0,1,1,1,1,1,1,1,1,0,0.0,0.0,1.0,0.0,1.0,0.0,0.0,0.0,0.0,0.0,0.0,1.0,0.0,-1.3309536397843746,-0.6853872055720913,1.3603706359757965,-0.6432494670875735,1.1507790914763643,-0.4499436443692835,0.06219405883392808,-0.23601020446248228,-0.997295264883693,-0.5406986566036541,-1.0037892104979562,1.0410698456029082,-0.464016000568473
0,0,1,0,1,1,1,1,1,1,1,1,0,0.0,1.0,0.0,0.0,0.0,0.0,1.0,0.0,1.0,0.0,0.0,1.0,0.0,-0.5462869417025411,0.2292342342960711,0.4402569352729889,-0.6432494670875735,-0.04228584588102149,-0.4499436443692835,0.06219405883392808,-0.23601020446248228,-0.09790798262556814,0.5833853926513113,1.328544543306118,1.0410698456029082,6.0417100415314815
0,0,1,0,1,0,0,0,0,1,1,1,1,0.0,1.0,0.0,0.0,0.0,0.0,1.0,0.0,0.0,1.0,0.0,1.0,0.0,1.023046454461126,0.2292342342960711,-0.4798567654298188,-0.6432494670875735,1.1507790914763643,-0.4499436443692835,1.178860115170367,0.7663987284695665,-0.09790798262556814,0.5833853926513113,0.55109995870476,-1.8396488164856992,0.16153458040267657
1,0,0,0,1,0,0,0,1,0,1,1,0,0.0,0.0,1.0,0.0,0.0,1.0,0.0,0.0,0.0,0.0,0.0,1.0,0.0,1.8077131525429595,-0.6853872055720913,0.4402569352729889,-0.6432494670875735,1.1507790914763643,0.8964786247660724,1.178860115170367,0.7663987284695665,-0.997295264883693,-0.5406986566036541,-0.2263446258965981,1.0410698456029082,-0.7142362329569328
0,1,1,0,1,0,0,1,0,1,1,1,0,1.0,0.0,0.0,0.0,0.0,0.0,1.0,0.0,0.0,1.0,0.0,1.0,0.0,-1.3309536397843746,1.1438556741642336,-0.4798567654298188,-0.6432494670875735,-1.2353507832384072,-0.4499436443692835,-2.1711380538389498,-1.238419137394531,0.8014792996325567,0.5833853926513113,1.328544543306118,-1.8396488164856992,-0.21379576818001317
0,1,1,0,1,0,0,1,1,1,1,1,1,0.0,0.0,1.0,0.0,0.0,1.0,0.0,0.0,1.0,0.0,0.0,1.0,0.0,-0.5462869417025411,0.2292342342960711,0.4402569352729889,-0.6432494670875735,-0.04228584588102149,-0.4499436443692835,0.06219405883392808,-1.238419137394531,-0.09790798262556814,-0.5406986566036541,-0.2263446258965981,-0.3992894854413955,-0.464016000568473
0,1,0,0,1,0,1,1,1,1,1,1,0,0.0,1.0,0.0,0.0,0.0,1.0,0.0,0.0,0.0,0.0,0.0,0.0,0.0,0.23837975637929248,-0.6853872055720913,-0.4798567654298188,0.7922507560739607,-0.04228584588102149,-0.4499436443692835,0.06219405883392808,1.7688076614016153,-0.997295264883693,-0.5406986566036541,-1.0037892104979562,-1.8396488164856992,-0.21379576818001317
0,0,0,0,1,1,1,1,1,1,1,1,0,0.0,0.0,0.0,0.0,0.0,1.0,0.0,0.0,1.0,0.0,0.0,1.0,0.0,-1.3309536397843746,-1.6000086454402538,-1.3999704661326267,0.7922507560739607,2.34384402883375,0.8964786247660724,-1.0544719975025107,-2.2408280703265797,-0.997295264883693,-0.5406986566036541,-1.0037892104979562,-1.8396488164856992,-0.464016000568473
1,0,1,0,1,0,1,0,0,1,1,1,1,0.0,0.0,1.0,0.0,0.0,0.0,1.0,0.0,0.0,1.0,0.0,1.0,0.0,1.023046454461126,0.2292342342960711,0.4402569352729889,0.7922507560739607,-0.04228584588102149,-0.4499436443692835,0.06219405883392808,-0.23601020446248228,-0.997295264883693,-0.5406986566036541,0.55109995870476,-0.3992894854413955,-0.7142362329569328
0,0,0,0,1,1,1,0,1,1,1,1,0,0.0,0.0,1.0,0.0,0.0,1.0,0.0,0.0,0.0,0.0,1.0,0.0,0.0,-0.5462869417025411,0.2292342342960711,0.4402569352729889,-0.6432494670875735,1.1507790914763643,0.8964786247660724,0.06219405883392808,-2.2408280703265797,-0.997295264883693,-0.5406986566036541,-1.0037892104979562,-1.1194691509635473,-0.7142362329569328
0,0,1,1,1,0,1,1,1,1,1,1,1,1.0,0.0,0.0,0.0,1.0,0.0,0.0,0.0,0.0,1.0,0.0,1.0,0.0,-0.5462869417025411,1.1438556741642336,1.3603706359757965,-0.6432494670875735,1.1507790914763643,-0.4499436443692835,1.178860115170367,0.7663987284695665,1.7008665818906816,-0.5406986566036541,-1.0037892104979562,0.32089018008075637,-0.21379576818001317
0,1,1,0,1,0,0,1,1,0,1,1,0,0.0,0.0,0.0,0.0,0.0,0.0,1.0,0.0,0.0,1.0,0.0,0.0,1.0,0.23837975637929248,-1.6000086454402538,-0.4798567654298188,0.7922507560739607,-0.04228584588102149,-0.4499436443692835,0.06219405883392808,0.7663987284695665,0.8014792996325567,2.831553491161242,2.1059891279074763,1.0410698456029082,0.7870851613738261
0,1,1,0,0,0,1,0,1,0,1,1,1,0.0,1.0,0.0,0.0,0.0,0.0,1.0,0.0,0.0,0.0,1.0,1.0,0.0,-1.3309536397843746,1.1438556741642336,1.3603706359757965,-0.6432494670875735,2.34384402883375,-0.4499436443692835,-3.2878041101753888,-0.23601020446248228,-0.09790798262556814,3.955637540416207,2.1059891279074763,-0.3992894854413955,-0.21379576818001317
0,1,1,0,1,0,1,0,1,1,1,1,0,1.0,0.0,0.0,0.0,0.0,1.0,0.0,0.0,0.0,0.0,0.0,1.0,0.0,-0.5462869417025411,1.1438556741642336,1.3603706359757965,-0.6432494670875735,-1.2353507832384072,-0.4499436443692835,-1.0544719975025107,0.7663987284695665,0.8014792996325567,-0.5406986566036541,1.328544543306118,1.0410698456029082,1.5377458585392054
0,0,1,0,1,0,1,1,0,1,1,0,0,0.0,0.0,0.0,0.0,0.0,1.0,0.0,0.0,1.0,0.0,0.0,1.0,0.0,-0.5462869417025411,-1.6000086454402538,-1.3999704661326267,0.7922507560739607,-1.2353507832384072,-0.4499436443692835,0.06219405883392808,-0.23601020446248228,-0.997295264883693,-0.5406986566036541,1.328544543306118,1.0410698456029082,0.03642446420844665
0,1,1,1,1,1,1,1,1,1,1,1,1,0.0,0.0,0.0,0.0,0.0,1.0,0.0,0.0,0.0,0.0,0.0,1.0,0.0,1.023046454461126,-0.6853872055720913,-1.3999704661326267,3.663251202397029,-0.04228584588102149,-0.4499436443692835,0.06219405883392808,-0.23601020446248228,-0.997295264883693,2.831553491161242,2.1059891279074763,-0.3992894854413955,1.0373053937622858
0,1,0,0,1,0,1,0,1,1,1,1,0,0.0,0.0,1.0,0.0,0.0,1.0,0.0,0.0,0.0,0.0,1.0,1.0,0.0,1.023046454461126,-0.6853872055720913,-0.4798567654298188,-0.6432494670875735,-1.2353507832384072,2.2429008939014285,-1.0544719975025107,-0.23601020446248228,-0.09790798262556814,-0.5406986566036541,-0.2263446258965981,0.32089018008075637,-0.7142362329569328
0,0,1,1,1,0,0,0,1,1,1,1,1,1.0,0.0,0.0,0.0,0.0,1.0,0.0,0.0,0.0,0.0,1.0,0.0,0.0,0.23837975637929248,1.1438556741642336,0.4402569352729889,-0.6432494670875735,-0.04228584588102149,-0.4499436443692835,-1.0544719975025107,-1.238419137394531,-0.09790798262556814,-0.5406986566036541,-0.2263446258965981,-0.3992894854413955,1.0373053937622858
0,0,1,1,1,0,1,1,0,1,1,1,0,0.0,0.0,0.0,1.0,0.0,0.0,0.0,1.0,0.0,0.0,1.0,1.0,0.0,-0.5462869417025411,1.1438556741642336,1.3603706359757965,-0.6432494670875735,-0.04228584588102149,-0.4499436443692835,0.06219405883392808,1.7688076614016153,-0.997295264883693,-0.5406986566036541,-0.2263446258965981,-0.3992894854413955,-0.7142362329569328
0,0,1,0,1,0,1,1,0,0,1,1,1,0.0,0.0,0.0,1.0,0.0,0.0,0.0,1.0,0.0,0.0,0.0,1.0,0.0,0.23837975637929248,1.1438556741642336,1.3603706359757965,0.7922507560739607,1.1507790914763643,-0.4499436443692835,0.06219405883392808,-0.23601020446248228,-0.09790798262556814,-0.5406986566036541,-0.2263446258965981,0.32089018008075637,-0.21379576818001317
0,0,1,0,1,0,1,1,1,1,1,1,0,1.0,0.0,0.0,0.0,0.0,1.0,0.0,0.0,0.0,0.0,1.0,0.0,1.0,1.8077131525429595,1.1438556741642336,1.3603706359757965,0.7922507560739607,-0.04228584588102149,-0.4499436443692835,-2.1711380538389498,-0.23601020446248228,0.8014792996325567,0.5833853926513113,0.55109995870476,-1.1194691509635473,-0.7142362329569328
0,0,1,0,1,0,1,1,0,1,1,1,1,0.0,1.0,0.0,0.0,0.0,1.0,0.0,0.0,1.0,0.0,0.0,1.0,0.0,-0.5462869417025411,0.2292342342960711,0.4402569352729889,-0.6432494670875735,1.1507790914763643,-0.4499436443692835,0.06219405883392808,-0.23601020446248228,-0.09790798262556814,-0.5406986566036541,0.55109995870476,0.32089018008075637,-0.7142362329569328
0,1,1,0,1,0,0,0,1,1,1,0,0,0.0,1.0,0.0,0.0,0.0,1.0,0.0,0.0,0.0,0.0,1.0,1.0,0.0,-0.5462869417025411,0.2292342342960711,-1.3999704661326267,-0.6432494670875735,-1.2353507832384072,-0.4499436443692835,1.178860115170367,-0.23601020446248228,-0.997295264883693,0.5833853926513113,-0.2263446258965981,1.0410698456029082,-0.464016000568473
0,0,1,0,1,0,1,0,0,1,1,1,0,0.0,0.0,1.0,0.0,0.0,0.0,0.0,1.0,1.0,0.0,0.0,1.0,0.0,0.23837975637929248,1.1438556741642336,1.3603706359757965,0.7922507560739607,-1.2353507832384072,0.8964786247660724,0.06219405883392808,-1.238419137394531,0.8014792996325567,0.5833853926513113,0.55109995870476,-1.1194691509635473,2.288406555704585
0,1,1,0,1,0,0,0,0,1,1,1,0,0.0,0.0,0.0,1.0,0.0,1.0,0.0,0.0,0.0,0.0,1.0,1.0,0.0,-1.3309536397843746,1.1438556741642336,0.4402569352729889,-0.6432494670875735,-0.04228584588102149,-0.4499436443692835,0.06219405883392808,0.7663987284695665,-1.896682547141818,-0.5406986566036541,-1.0037892104979562,-1.8396488164856992,-0.7142362329569328
0,0,1,0,1,0,1,0,0,0,1,1,0,0.0,0.0,1.0,0.0,0.0,0.0,1.0,0.0,0.0,0.0,0.0,0.0,0.0,0.23837975637929248,0.2292342342960711,-1.3999704661326267,-0.6432494670875735,1.1507790914763643,-0.4499436443692835,-1.0544719975025107,0.7663987284695665,-0.09790798262556814,0.5833853926513113,0.55109995870476,1.0410698456029082,-0.5891261167627029
0,0,1,1,1,1,0,0,1,1,1,1,0,0.0,1.0,0.0,0.0,0.0,0.0,0.0,0.0,0.0,0.0,0.0,0.0,0.0,-0.5462869417025411,-0.6853872055720913,-0.4798567654298188,0.7922507560739607,-0.04228584588102149,0.8964786247660724,0.06219405883392808,-0.23601020446248228,-0.09790798262556814,0.5833853926513113,-0.2263446258965981,1.0410698456029082,1.0373053937622858
0,1,1,0,1,0,1,0,1,1,1,1,0,0.0,0.0,1.0,0.0,0.0,0.0,1.0,0.0,0.0,0.0,1.0,1.0,0.0,-1.3309536397843746,1.1438556741642336,1.3603706359757965,0.7922507560739607,-0.04228584588102149,-0.4499436443692835,0.06219405883392808,-0.23601020446248228,-1.896682547141818,-0.5406986566036541,-1.0037892104979562,1.0410698456029082,-0.7142362329569328
0,0,1,0,1,0,1,1,0,1,1,1,0,0.0,1.0,0.0,0.0,0.0,0.0,1.0,0.0,0.0,0.0,0.0,0.0,0.0,-1.3309536397843746,-1.6000086454402538,-1.3999704661326267,-0.6432494670875735,-0.04228584588102149,-0.4499436443692835,0.06219405883392808,0.7663987284695665,-0.997295264883693,-0.5406986566036541,-0.2263446258965981,1.0410698456029082,-0.7142362329569328
0,0,1,0,1,0,0,0,0,1,1,1,1,0.0,1.0,0.0,0.0,0.0,1.0,0.0,0.0,1.0,0.0,0.0,1.0,0.0,-0.5462869417025411,-0.6853872055720913,-1.3999704661326267,-0.6432494670875735,-1.2353507832384072,-0.4499436443692835,0.06219405883392808,1.7688076614016153,-0.997295264883693,-0.5406986566036541,-1.0037892104979562,1.0410698456029082,1.7879660909276653
0,0,0,0,0,0,0,1,0,1,1,0,0,0.0,0.0,1.0,0.0,0.0,0.0,0.0,0.0,1.0,0.0,0.0,0.0,1.0,1.8077131525429595,0.2292342342960711,-1.3999704661326267,-0.6432494670875735,1.1507790914763643,0.8964786247660724,1.178860115170367,0.7663987284695665,-0.09790798262556814,-0.5406986566036541,-0.2263446258965981,1.0410698456029082,0.7870851613738261
0,0,1,0,1,0,0,1,0,1,1,1,1,0.0,0.0,1.0,0.0,0.0,0.0,1.0,0.0,0.0,0.0,1.0,0.0,0.0,-1.3309536397843746,1.1438556741642336,1.3603706359757965,0.7922507560739607,-0.04228584588102149,2.2429008939014285,0.06219405883392808,0.7663987284695665,0.8014792996325567,0.5833853926513113,0.55109995870476,1.0410698456029082,0.03642446420844665
0,1,1,0,1,0,1,0,1,0,1,1,0,0.0,0.0,1.0,0.0,0.0,1.0,0.0,0.0,0.0,0.0,0.0,1.0,0.0,-1.3309536397843746,1.1438556741642336,1.3603706359757965,-0.6432494670875735,-1.2353507832384072,-0.4499436443692835,1.178860115170367,-0.23601020446248228,-0.09790798262556814,-0.5406986566036541,-1.0037892104979562,1.0410698456029082,-0.21379576818001317
0,0,1,0,1,0,1,0,1,1,1,1,0,0.0,0.0,1.0,0.0,0.0,1.0,0.0,0.0,0.0,0.0,1.0,0.0,0.0,-1.3309536397843746,-0.6853872055720913,-1.3999704661326267,2.227750979235495,1.1507790914763643,-0.4499436443692835,1.178860115170367,-1.238419137394531,-0.997295264883693,-0.5406986566036541,-1.0037892104979562,0.32089018008075637,-0.21379576818001317
1,1,1,0,1,0,0,1,1,0,1,1,0,0.0,0.0,0.0,1.0,0.0,0.0,0.0,1.0,1.0,0.0,0.0,0.0,0.0,1.023046454461126,1.1438556741642336,1.3603706359757965,-0.6432494670875735,-0.04228584588102149,-0.4499436443692835,-1.0544719975025107,-1.238419137394531,0.8014792996325567,-0.5406986566036541,1.328544543306118,-1.1194691509635473,-0.21379576818001317
0,0,1,0,1,0,0,1,0,1,1,1,1,0.0,1.0,0.0,0.0,0.0,1.0,0.0,0.0,1.0,0.0,0.0,1.0,0.0,-0.5462869417025411,-0.6853872055720913,-0.4798567654298188,-0.6432494670875735,-0.04228584588102149,-0.4499436443692835,1.178860115170367,0.7663987284695665,0.8014792996325567,-0.5406986566036541,-1.0037892104979562,1.0410698456029082,-0.7142362329569328
0,0,0,1,1,0,1,1,1,1,1,1,0,0.0,0.0,1.0,0.0,0.0,0.0,1.0,0.0,0.0,0.0,0.0,1.0,0.0,0.23837975637929248,-0.6853872055720913,-0.4798567654298188,-0.6432494670875735,1.1507790914763643,-0.4499436443692835,-1.0544719975025107,-0.23601020446248228,-0.997295264883693,0.5833853926513113,-0.2263446258965981,-0.3992894854413955,-0.33890588437424307
0,0,1,1,1,1,0,0,1,1,1,1,1,0.0,0.0,1.0,0.0,0.0,0.0,1.0,0.0,0.0,0.0,1.0,0.0,0.0,-1.3309536397843746,1.1438556741642336,0.4402569352729889,-0.6432494670875735,-0.04228584588102149,-0.4499436443692835,0.06219405883392808,0.7663987284695665,0.8014792996325567,0.5833853926513113,1.328544543306118,-1.1194691509635473,-0.7142362329569328
1,1,0,0,1,0,0,1,0,1,1,0,0,0.0,1.0,0.0,0.0,0.0,1.0,0.0,0.0,1.0,0.0,0.0,0.0,0.0,1.023046454461126,1.1438556741642336,-0.4798567654298188,0.7922507560739607,-1.2353507832384072,0.8964786247660724,1.178860115170367,0.7663987284695665,-0.09790798262556814,2.831553491161242,0.55109995870476,-0.3992894854413955,1.0373053937622858
0,1,1,1,1,0,0,1,1,1,1,1,0,0.0,0.0,0.0,1.0,0.0,1.0,0.0,0.0,0.0,0.0,0.0,1.0,0.0,0.23837975637929248,1.1438556741642336,0.4402569352729889,0.7922507560739607,-0.04228584588102149,-0.4499436443692835,0.06219405883392808,0.7663987284695665,0.8014792996325567,2.831553491161242,1.328544543306118,0.32089018008075637,-0.21379576818001317
0,0,1,0,1,1,1,0,1,1,1,0,0,0.0,1.0,0.0,0.0,0.0,1.0,0.0,0.0,0.0,0.0,1.0,1.0,0.0,-0.5462869417025411,0.2292342342960711,0.4402569352729889,2.227750979235495,-0.04228584588102149,-0.4499436443692835,1.178860115170367,-0.23601020446248228,-0.997295264883693,-0.5406986566036541,-1.0037892104979562,0.32089018008075637,-0.21379576818001317
0,1,1,0,1,0,1,1,0,0,1,1,0,1.0,0.0,0.0,0.0,0.0,0.0,1.0,0.0,1.0,0.0,0.0,1.0,0.0,-1.3309536397843746,1.1438556741642336,1.3603706359757965,-0.6432494670875735,-0.04228584588102149,-0.4499436443692835,1.178860115170367,0.7663987284695665,-0.997295264883693,1.7074694419062766,1.328544543306118,1.0410698456029082,-0.7142362329569328
0,1,1,0,1,0,1,1,1,1,1,1,0,0.0,0.0,0.0,1.0,0.0,1.0,0.0,0.0,1.0,0.0,0.0,1.0,0.0,-1.3309536397843746,1.1438556741642336,0.4402569352729889,-0.6432494670875735,-0.04228584588102149,-0.4499436443692835,0.06219405883392808,-0.23601020446248228,-0.09790798262556814,0.5833853926513113,0.55109995870476,1.0410698456029082,0.03642446420844665
0,0,1,0,1,1,1,1,0,1,1,1,0,0.0,1.0,0.0,0.0,0.0,0.0,0.0,0.0,0.0,0.0,0.0,1.0,0.0,-0.5462869417025411,1.1438556741642336,0.4402569352729889,-0.6432494670875735,1.1507790914763643,-0.4499436443692835,1.178860115170367,-0.23601020446248228,1.7008665818906816,-0.5406986566036541,-1.0037892104979562,-0.3992894854413955,-0.7142362329569328
0,1,1,1,1,0,1,1,1,1,1,1,0,1.0,0.0,0.0,0.0,0.0,0.0,1.0,0.0,0.0,0.0,0.0,0.0,0.0,-1.3309536397843746,1.1438556741642336,1.3603706359757965,-0.6432494670875735,-1.2353507832384072,-0.4499436443692835,0.06219405883392808,-0.23601020446248228,-0.09790798262556814,-0.5406986566036541,0.55109995870476,1.0410698456029082,-0.464016000568473
0,0,1,0,1,0,0,1,0,1,1,1,1,0.0,1.0,0.0,0.0,0.0,1.0,0.0,0.0,0.0,0.0,1.0,1.0,0.0,0.23837975637929248,1.1438556741642336,0.4402569352729889,-0.6432494670875735,-0.04228584588102149,2.2429008939014285,-1.0544719975025107,0.7663987284695665,1.7008665818906816,0.5833853926513113,1.328544543306118,-1.8396488164856992,2.038186323316125
0,1,1,0,1,0,1,1,1,1,1,1,1,0.0,0.0,0.0,1.0,0.0,0.0,0.0,1.0,1.0,0.0,0.0,1.0,0.0,-0.5462869417025411,1.1438556741642336,1.3603706359757965,-0.6432494670875735,-0.04228584588102149,-0.4499436443692835,0.06219405883392808,0.7663987284695665,1.7008665818906816,3.955637540416207,2.1059891279074763,1.0410698456029082,1.2875256261507457
0,0,0,0,1,0,1,0,0,1,1,1,1,0.0,0.0,0.0,0.0,0.0,1.0,0.0,0.0,0.0,0.0,0.0,0.0,0.0,0.23837975637929248,-0.6853872055720913,1.3603706359757965,-0.6432494670875735,1.1507790914763643,-0.4499436443692835,0.06219405883392808,0.7663987284695665,-0.09790798262556814,-0.5406986566036541,-1.0037892104979562,1.0410698456029082,0.16153458040267657
0,1,0,1,1,0,1,0,0,1,1,1,1,0.0,1.0,0.0,0.0,0.0,0.0,1.0,0.0,0.0,0.0,0.0,1.0,0.0,1.023046454461126,0.2292342342960711,0.4402569352729889,-0.6432494670875735,-0.04228584588102149,0.8964786247660724,0.06219405883392808,-0.23601020446248228,-0.09790798262556814,-0.5406986566036541,0.55109995870476,1.0410698456029082,0.28664469659690645
0,1,0,1,0,0,1,1,1,1,1,1,0,0.0,1.0,0.0,0.0,0.0,1.0,0.0,0.0,0.0,0.0,1.0,1.0,0.0,1.023046454461126,0.2292342342960711,1.3603706359757965,0.7922507560739607,-0.04228584588102149,-0.4499436443692835,0.06219405883392808,-1.238419137394531,1.7008665818906816,1.7074694419062766,1.328544543306118,-1.8396488164856992,0.912195277568056
0,0,1,0,0,0,1,0,0,0,1,1,1,1.0,0.0,0.0,0.0,0.0,1.0,0.0,0.0,0.0,0.0,1.0,1.0,0.0,0.23837975637929248,0.2292342342960711,0.4402569352729889,-0.6432494670875735,-0.04228584588102149,-0.4499436443692835,-1.0544719975025107,-0.23601020446248228,-0.09790798262556814,-0.5406986566036541,0.55109995870476,-0.3992894854413955,0.03642446420844665
0,1,0,1,1,0,1,1,1,1,1,1,0,0.0,0.0,1.0,0.0,0.0,1.0,0.0,0.0,0.0,0.0,1.0,1.0,0.0,1.023046454461126,0.2292342342960711,-0.4798567654298188,0.7922507560739607,1.1507790914763643,-0.4499436443692835,1.178860115170367,0.7663987284695665,-0.997295264883693,-0.5406986566036541,-1.0037892104979562,0.32089018008075637,0.28664469659690645
0,1,0,0,1,0,0,0,1,1,1,0,1,0.0,1.0,0.0,0.0,0.0,0.0,1.0,0.0,0.0,0.0,1.0,0.0,0.0,1.8077131525429595,0.2292342342960711,0.4402569352729889,-0.6432494670875735,-0.04228584588102149,0.8964786247660724,0.06219405883392808,1.7688076614016153,-0.09790798262556814,-0.5406986566036541,-0.2263446258965981,1.0410698456029082,-0.7142362329569328
0,0,1,1,1,0,1,0,1,1,1,1,1,0.0,1.0,0.0,0.0,0.0,1.0,0.0,0.0,0.0,0.0,1.0,1.0,0.0,0.23837975637929248,0.2292342342960711,0.4402569352729889,-0.6432494670875735,-0.04228584588102149,-0.4499436443692835,1.178860115170367,-0.23601020446248228,-0.09790798262556814,0.5833853926513113,0.55109995870476,-1.8396488164856992,6.291930273919942
0,1,1,1,1,0,0,0,0,1,1,1,0,0.0,0.0,0.0,1.0,0.0,1.0,0.0,0.0,0.0,0.0,0.0,1.0,0.0,-1.3309536397843746,1.1438556741642336,-0.4798567654298188,-0.6432494670875735,-1.2353507832384072,-0.4499436443692835,-1.0544719975025107,1.7688076614016153,-0.997295264883693,-0.5406986566036541,-1.0037892104979562,-0.3992894854413955,0.5368649289853663
0,0,1,1,1,0,1,1,1,1,1,1,0,0.0,1.0,0.0,0.0,0.0,1.0,0.0,0.0,0.0,0.0,1.0,1.0,0.0,-0.5462869417025411,0.2292342342960711,0.4402569352729889,0.7922507560739607,-0.04228584588102149,-0.4499436443692835,0.06219405883392808,0.7663987284695665,1.7008665818906816,-0.5406986566036541,-1.0037892104979562,0.32089018008075637,-0.21379576818001317
0,0,1,1,1,0,0,1,1,1,1,1,1,0.0,0.0,1.0,0.0,0.0,0.0,1.0,0.0,0.0,0.0,0.0,0.0,0.0,0.23837975637929248,-0.6853872055720913,-0.4798567654298188,-0.6432494670875735,2.34384402883375,-0.4499436443692835,-1.0544719975025107,0.7663987284695665,-1.896682547141818,-0.5406986566036541,-1.0037892104979562,-1.1194691509635473,-0.7142362329569328
0,0,1,1,1,0,0,0,1,0,1,0,1,0.0,0.0,1.0,0.0,0.0,0.0,1.0,0.0,1.0,0.0,0.0,0.0,1.0,1.8077131525429595,-1.6000086454402538,-0.4798567654298188,-0.6432494670875735,-0.04228584588102149,0.8964786247660724,0.06219405883392808,-1.238419137394531,0.8014792996325567,0.5833853926513113,-0.2263446258965981,-0.3992894854413955,-0.7142362329569328
0,0,1,0,1,0,1,1,0,1,1,1,0,0.0,0.0,0.0,0.0,0.0,0.0,0.0,0.0,0.0,1.0,0.0,1.0,0.0,1.023046454461126,-0.6853872055720913,-0.4798567654298188,-0.6432494670875735,1.1507790914763643,-0.4499436443692835,0.06219405883392808,-0.23601020446248228,-0.09790798262556814,-0.5406986566036541,-0.2263446258965981,-1.1194691509635473,-0.08868565198578325
1,0,1,0,1,0,1,0,0,1,1,0,1,0.0,0.0,1.0,0.0,0.0,0.0,1.0,0.0,0.0,0.0,0.0,0.0,0.0,1.023046454461126,0.2292342342960711,0.4402569352729889,-0.6432494670875735,-0.04228584588102149,-0.4499436443692835,1.178860115170367,-0.23601020446248228,0.8014792996325567,-0.5406986566036541,-1.0037892104979562,1.0410698456029082,-0.7142362329569328
0,1,0,1,1,0,0,0,1,1,0,1,1,0.0,0.0,0.0,0.0,0.0,1.0,0.0,0.0,0.0,0.0,0.0,1.0,0.0,0.23837975637929248,-0.6853872055720913,-1.3999704661326267,0.7922507560739607,-1.2353507832384072,2.2429008939014285,-1.0544719975025107,-0.23601020446248228,-0.997295264883693,0.5833853926513113,-0.2263446258965981,1.0410698456029082,-0.7142362329569328
0,0,0,0,1,0,1,0,0,1,1,1,1,0.0,0.0,1.0,0.0,0.0,0.0,0.0,1.0,0.0,0.0,0.0,0.0,0.0,-1.3309536397843746,0.2292342342960711,1.3603706359757965,0.7922507560739607,1.1507790914763643,2.2429008939014285,0.06219405883392808,-1.238419137394531,-0.997295264883693,0.5833853926513113,-0.2263446258965981,1.0410698456029082,-0.7142362329569328
0,0,1,1,1,0,1,1,0,0,1,0,0,0.0,1.0,0.0,0.0,0.0,1.0,0.0,0.0,1.0,0.0,0.0,1.0,0.0,1.023046454461126,-1.6000086454402538,-1.3999704661326267,0.7922507560739607,-0.04228584588102149,-0.4499436443692835,0.06219405883392808,0.7663987284695665,-0.09790798262556814,-0.5406986566036541,-1.0037892104979562,-0.3992894854413955,-0.464016000568473
0,0,0,0,1,1,1,0,0,0,1,1,1,0.0,1.0,0.0,0.0,0.0,1.0,0.0,0.0,0.0,0.0,1.0,1.0,0.0,-1.3309536397843746,-1.6000086454402538,-1.3999704661326267,-0.6432494670875735,-0.04228584588102149,2.2429008939014285,-1.0544719975025107,-0.23601020446248228,0.8014792996325567,0.5833853926513113,1.328544543306118,1.0410698456029082,-0.464016000568473
0,0,1,1,1,1,0,1,0,1,1,1,0,0.0,0.0,0.0,0.0,0.0,1.0,0.0,0.0,0.0,1.0,0.0,1.0,0.0,-1.3309536397843746,-1.6000086454402538,-1.3999704661326267,-0.6432494670875735,-0.04228584588102149,3.5893231630367843,0.06219405883392808,-0.23601020446248228,-0.997295264883693,0.5833853926513113,0.55109995870476,-0.3992894854413955,0.5368649289853663
0,0,1,0,1,0,1,0,1,1,1,1,1,0.0,0.0,1.0,0.0,0.0,0.0,0.0,0.0,0.0,0.0,0.0,1.0,0.0,-1.3309536397843746,1.1438556741642336,1.3603706359757965,-0.6432494670875735,1.1507790914763643,-0.4499436443692835,0.06219405883392808,-0.23601020446248228,-0.09790798262556814,-0.5406986566036541,-1.0037892104979562,1.0410698456029082,-0.7142362329569328
0,0,1,0,1,0,1,0,0,1,1,1,0,0.0,0.0,0.0,0.0,0.0,1.0,0.0,0.0,0.0,0.0,0.0,1.0,0.0,1.023046454461126,-0.6853872055720913,0.4402569352729889,-0.6432494670875735,1.1507790914763643,-0.4499436443692835,0.06219405883392808,-0.23601020446248228,-0.09790798262556814,-0.5406986566036541,-0.2263446258965981,-0.3992894854413955,-0.21379576818001317
0,0,1,1,1,0,1,1,1,1,1,1,1,0.0,1.0,0.0,0.0,1.0,0.0,0.0,0.0,0.0,0.0,0.0,0.0,0.0,-0.5462869417025411,-0.6853872055720913,1.3603706359757965,0.7922507560739607,-0.04228584588102149,-0.4499436443692835,0.06219405883392808,-1.238419137394531,-0.997295264883693,-0.5406986566036541,-0.2263446258965981,1.0410698456029082,-0.464016000568473
0,1,1,0,1,1,1,0,0,0,1,1,0,0.0,0.0,0.0,0.0,0.0,1.0,0.0,0.0,0.0,0.0,1.0,0.0,1.0,-0.5462869417025411,0.2292342342960711,0.4402569352729889,2.227750979235495,-0.04228584588102149,-0.4499436443692835,1.178860115170367,-0.23601020446248228,-0.09790798262556814,-0.5406986566036541,0.55109995870476,-1.1194691509635473,0.03642446420844665
0,1,1,0,1,0,1,0,0,1,0,1,1,0.0,0.0,0.0,1.0,0.0,0.0,0.0,1.0,0.0,0.0,0.0,1.0,0.0,-0.5462869417025411,1.1438556741642336,1.3603706359757965,-0.6432494670875735,-1.2353507832384072,-0.4499436443692835,-1.0544719975025107,-0.23601020446248228,-0.997295264883693,0.5833853926513113,-1.0037892104979562,1.0410698456029082,-0.7142362329569328
0,0,1,0,1,0,0,1,1,1,1,1,0,0.0,0.0,1.0,0.0,0.0,1.0,0.0,0.0,0.0,0.0,1.0,1.0,0.0,-1.3309536397843746,1.1438556741642336,0.4402569352729889,-0.6432494670875735,-1.2353507832384072,-0.4499436443692835,0.06219405883392808,1.7688076614016153,1.7008665818906816,-0.5406986566036541,0.55109995870476,-1.8396488164856992,-0.21379576818001317
0,1,1,0,1,0,1,1,0,1,1,1,0,1.0,0.0,0.0,0.0,0.0,1.0,0.0,0.0,1.0,0.0,0.0,1.0,0.0,0.23837975637929248,0.2292342342960711,0.4402569352729889,-0.6432494670875735,-1.2353507832384072,-0.4499436443692835,0.06219405883392808,0.7663987284695665,-0.09790798262556814,-0.5406986566036541,0.55109995870476,1.0410698456029082,-0.21379576818001317
1,0,1,0,1,0,1,1,0,1,1,1,1,0.0,0.0,0.0,0.0,0.0,0.0,1.0,0.0,0.0,0.0,0.0,0.0,0.0,1.023046454461126,-0.6853872055720913,0.4402569352729889,0.7922507560739607,-1.2353507832384072,-0.4499436443692835,1.178860115170367,-1.238419137394531,-0.09790798262556814,-0.5406986566036541,-0.2263446258965981,0.32089018008075637,-0.7142362329569328
0,0,1,0,1,0,1,1,1,1,1,1,0,0.0,0.0,0.0,0.0,0.0,0.0,0.0,0.0,0.0,0.0,0.0,1.0,0.0,0.23837975637929248,-0.6853872055720913,-0.4798567654298188,-0.6432494670875735,1.1507790914763643,-0.4499436443692835,0.06219405883392808,-0.23601020446248228,-0.09790798262556814,-0.5406986566036541,-1.0037892104979562,0.32089018008075637,-0.21379576818001317
0,0,0,0,1,1,1,1,1,1,1,1,0,0.0,0.0,1.0,0.0,1.0,0.0,0.0,0.0,0.0,0.0,0.0,1.0,0.0,-1.3309536397843746,0.2292342342960711,1.3603706359757965,-0.6432494670875735,1.1507790914763643,-0.4499436443692835,0.06219405883392808,-0.23601020446248228,-0.997295264883693,-0.5406986566036541,-1.0037892104979562,1.0410698456029082,-0.464016000568473
0,0,1,0,1,0,1,1,0,1,1,1,0,0.0,1.0,0.0,0.0,0.0,1.0,0.0,0.0,0.0,0.0,1.0,0.0,0.0,1.023046454461126,1.1438556741642336,0.4402569352729889,-0.6432494670875735,2.34384402883375,-0.4499436443692835,0.06219405883392808,-0.23601020446248228,-0.09790798262556814,-0.5406986566036541,-1.0037892104979562,-0.3992894854413955,-0.7142362329569328
0,0,1,0,1,0,1,1,0,1,1,0,1,0.0,1.0,0.0,0.0,0.0,1.0,0.0,0.0,0.0,0.0,0.0,1.0,0.0,-0.5462869417025411,-0.6853872055720913,-1.3999704661326267,-0.6432494670875735,-0.04228584588102149,-0.4499436443692835,0.06219405883392808,-0.23601020446248228,1.7008665818906816,-0.5406986566036541,-1.0037892104979562,1.0410698456029082,-0.464016000568473
0,0,1,0,0,1,1,0,0,1,1,0,0,0.0,1.0,0.0,0.0,0.0,0.0,0.0,1.0,1.0,0.0,0.0,1.0,0.0,0.23837975637929248,1.1438556741642336,1.3603706359757965,0.7922507560739607,-0.04228584588102149,-0.4499436443692835,0.06219405883392808,-2.2408280703265797,0.8014792996325567,-0.5406986566036541,-1.0037892104979562,-1.8396488164856992,0.03642446420844665
1,1,0,0,1,0,0,0,1,0,1,1,1,0.0,1.0,0.0,0.0,0.0,1.0,0.0,0.0,0.0,1.0,0.0,1.0,0.0,1.023046454461126,-0.6853872055720913,-1.3999704661326267,0.7922507560739607,-1.2353507832384072,-0.4499436443692835,0.06219405883392808,0.7663987284695665,-0.09790798262556814,-0.5406986566036541,0.55109995870476,1.0410698456029082,-0.08868565198578325
0,0,1,0,1,0,0,0,1,0,1,1,1,0.0,0.0,0.0,0.0,0.0,0.0,1.0,0.0,1.0,0.0,0.0,1.0,0.0,-0.5462869417025411,-1.6000086454402538,0.4402569352729889,-0.6432494670875735,-0.04228584588102149,3.5893231630367843,0.06219405883392808,-0.23601020446248228,1.7008665818906816,-0.5406986566036541,-1.0037892104979562,-0.3992894854413955,-0.7142362329569328
0,1,0,0,1,0,1,0,0,1,1,1,0,0.0,0.0,1.0,0.0,0.0,1.0,0.0,0.0,0.0,0.0,0.0,1.0,0.0,0.23837975637929248,-0.6853872055720913,-0.4798567654298188,3.663251202397029,-1.2353507832384072,-0.4499436443692835,0.06219405883392808,0.7663987284695665,1.7008665818906816,3.955637540416207,2.1059891279074763,0.32089018008075637,0.28664469659690645
0,1,1,1,1,0,1,1,0,1,1,1,1,0.0,0.0,0.0,1.0,0.0,0.0,0.0,1.0,1.0,0.0,0.0,1.0,0.0,1.023046454461126,1.1438556741642336,1.3603706359757965,-0.6432494670875735,-1.2353507832384072,-0.4499436443692835,-3.2878041101753888,0.7663987284695665,-0.997295264883693,0.5833853926513113,-0.2263446258965981,-1.8396488164856992,-0.08868565198578325
1,0,1,0,1,0,1,1,0,0,1,1,1,1.0,0.0,0.0,0.0,0.0,1.0,0.0,0.0,0.0,0.0,0.0,0.0,1.0,2.592379850624793,1.1438556741642336,-0.4798567654298188,0.7922507560739607,1.1507790914763643,2.2429008939014285,1.178860115170367,0.7663987284695665,-0.09790798262556814,-0.5406986566036541,-1.0037892104979562,-0.3992894854413955,-0.21379576818001317
0,1,0,0,1,0,1,0,0,1,1,0,1,0.0,0.0,0.0,0.0,0.0,0.0,0.0,1.0,0.0,0.0,0.0,1.0,0.0,-1.3309536397843746,0.2292342342960711,1.3603706359757965,3.663251202397029,-0.04228584588102149,-0.4499436443692835,1.178860115170367,-0.23601020446248228,-0.09790798262556814,-0.5406986566036541,-1.0037892104979562,1.0410698456029082,-0.7142362329569328
0,1,1,1,1,0,0,0,0,1,1,1,0,0.0,1.0,0.0,0.0,0.0,1.0,0.0,0.0,1.0,0.0,0.0,1.0,0.0,-0.5462869417025411,-0.6853872055720913,-0.4798567654298188,-0.6432494670875735,-0.04228584588102149,-0.4499436443692835,0.06219405883392808,0.7663987284695665,0.8014792996325567,-0.5406986566036541,-1.0037892104979562,-0.3992894854413955,-0.7142362329569328
0,0,1,0,1,0,0,0,1,0,1,1,0,0.0,1.0,0.0,0.0,0.0,1.0,0.0,0.0,0.0,0.0,1.0,1.0,0.0,-0.5462869417025411,1.1438556741642336,1.3603706359757965,-0.6432494670875735,-1.2353507832384072,-0.4499436443692835,1.178860115170367,-0.23601020446248228,0.8014792996325567,-0.5406986566036541,-0.2263446258965981,-1.8396488164856992,0.03642446420844665
0,0,1,0,1,0,1,0,0,1,1,1,0,0.0,0.0,0.0,0.0,0.0,1.0,0.0,0.0,0.0,0.0,0.0,1.0,0.0,-0.5462869417025411,0.2292342342960711,1.3603706359757965,-0.6432494670875735,-0.04228584588102149,-0.4499436443692835,-2.1711380538389498,0.7663987284695665,-0.09790798262556814,-0.5406986566036541,-0.2263446258965981,-0.3992894854413955,0.7870851613738261
0,1,1,0,1,0,1,1,0,1,1,1,0,0.0,1.0,0.0,0.0,0.0,1.0,0.0,0.0,1.0,0.0,0.0,1.0,0.0,-1.3309536397843746,-0.6853872055720913,-0.4798567654298188,-0.6432494670875735,-1.2353507832384072,-0.4499436443692835,0.06219405883392808,-1.238419137394531,-0.997295264883693,-0.5406986566036541,-0.2263446258965981,1.0410698456029082,-0.464016000568473
1,0,1,1,1,0,1,1,0,1,1,1,0,0.0,0.0,0.0,1.0,0.0,0.0,1.0,0.0,0.0,0.0,0.0,1.0,0.0,1.023046454461126,0.2292342342960711,-1.3999704661326267,-0.6432494670875735,-0.04228584588102149,-0.4499436443692835,0.06219405883392808,-0.23601020446248228,0.8014792996325567,-0.5406986566036541,-1.0037892104979562,-1.8396488164856992,-0.7142362329569328
0,1,1,0,1,0,1,1,1,1,1,1,0,1.0,0.0,0.0,0.0,0.0,1.0,0.0,0.0,0.0,0.0,1.0,0.0,0.0,-0.5462869417025411,1.1438556741642336,1.3603706359757965,-0.6432494670875735,-0.04228584588102149,-0.4499436443692835,0.06219405883392808,-1.238419137394531,0.8014792996325567,0.5833853926513113,1.328544543306118,-1.8396488164856992,-0.464016000568473
0,1,1,0,1,0,1,1,0,1,1,1,0,0.0,0.0,0.0,1.0,0.0,1.0,0.0,0.0,0.0,0.0,0.0,1.0,0.0,-1.3309536397843746,1.1438556741642336,0.4402569352729889,0.7922507560739607,-0.04228584588102149,-0.4499436443692835,1.178860115170367,0.7663987284695665,-0.09790798262556814,-0.5406986566036541,-0.2263446258965981,-0.3992894854413955,-0.464016000568473
0,1,1,0,1,0,0,0,1,1,1,1,0,0.0,1.0,0.0,0.0,0.0,1.0,0.0,0.0,1.0,0.0,0.0,1.0,0.0,1.023046454461126,-0.6853872055720913,-1.3999704661326267,-0.6432494670875735,-0.04228584588102149,-0.4499436443692835,1.178860115170367,-1.238419137394531,0.8014792996325567,-0.5406986566036541,-0.2263446258965981,0.32089018008075637,0.28664469659690645
0,1,1,0,0,0,1,1,1,1,1,1,0,0.0,0.0,1.0,0.0,0.0,1.0,0.0,0.0,0.0,0.0,0.0,1.0,0.0,-1.3309536397843746,0.2292342342960711,1.3603706359757965,-0.6432494670875735,-0.04228584588102149,-0.4499436443692835,1.178860115170367,0.7663987284695665,0.8014792996325567,-0.5406986566036541,-1.0037892104979562,-1.8396488164856992,-0.7142362329569328
0,1,1,1,1,0,0,1,0,1,1,1,0,0.0,1.0,0.0,0.0,0.0,0.0,0.0,1.0,1.0,0.0,0.0,0.0,0.0,0.23837975637929248,1.1438556741642336,1.3603706359757965,0.7922507560739607,-1.2353507832384072,-0.4499436443692835,0.06219405883392808,-2.2408280703265797,-1.896682547141818,0.5833853926513113,-0.2263446258965981,1.0410698456029082,-0.7142362329569328
0,0,1,0,1,0,1,1,0,1,1,1,1,0.0,0.0,0.0,0.0,0.0,0.0,1.0,0.0,1.0,0.0,0.0,1.0,0.0,0.23837975637929248,0.2292342342960711,1.3603706359757965,-0.6432494670875735,1.1507790914763643,0.8964786247660724,0.06219405883392808,0.7663987284695665,-0.09790798262556814,1.7074694419062766,1.328544543306118,1.0410698456029082,2.7888470204815046
0,0,1,0,1,0,1,1,0,1,1,1,1,1.0,0.0,0.0,0.0,1.0,0.0,0.0,0.0,0.0,0.0,1.0,1.0,0.0,-0.5462869417025411,1.1438556741642336,1.3603706359757965,-0.6432494670875735,-0.04228584588102149,-0.4499436443692835,0.06219405883392808,0.7663987284695665,-0.997295264883693,-0.5406986566036541,-1.0037892104979562,-0.3992894854413955,-0.7142362329569328
0,0,1,0,1,0,1,0,1,0,1,1,0,0.0,1.0,0.0,0.0,0.0,1.0,0.0,0.0,1.0,0.0,0.0,0.0,0.0,-1.3309536397843746,-1.6000086454402538,-1.3999704661326267,-0.6432494670875735,-0.04228584588102149,-0.4499436443692835,0.06219405883392808,-0.23601020446248228,-0.997295264883693,0.5833853926513113,0.55109995870476,0.32089018008075637,-0.464016000568473
0,0,0,0,0,0,1,1,0,1,1,1,0,0.0,1.0,0.0,0.0,0.0,1.0,0.0,0.0,1.0,0.0,0.0,1.0,0.0,0.23837975637929248,0.2292342342960711,-0.4798567654298188,-0.6432494670875735,-0.04228584588102149,-0.4499436443692835,0.06219405883392808,-0.23601020446248228,-0.09790798262556814,0.5833853926513113,0.55109995870476,-1.1194691509635473,-0.21379576818001317
0,1,1,0,1,0,1,0,1,1,1,1,1,0.0,0.0,1.0,0.0,0.0,0.0,1.0,0.0,0.0,1.0,0.0,1.0,0.0,0.23837975637929248,0.2292342342960711,0.4402569352729889,-0.6432494670875735,-0.04228584588102149,-0.4499436443692835,0.06219405883392808,-0.23601020446248228,0.8014792996325567,0.5833853926513113,0.55109995870476,0.32089018008075637,0.7870851613738261
0,0,1,0,1,0,1,1,1,1,1,1,1,0.0,1.0,0.0,0.0,0.0,0.0,1.0,0.0,0.0,0.0,1.0,0.0,0.0,1.023046454461126,-0.6853872055720913,0.4402569352729889,-0.6432494670875735,2.34384402883375,-0.4499436443692835,0.06219405883392808,1.7688076614016153,1.7008665818906816,-0.5406986566036541,0.55109995870476,-1.1194691509635473,-0.21379576818001317
0,1,1,0,1,0,1,0,1,1,1,0,0,0.0,0.0,0.0,1.0,1.0,0.0,0.0,0.0,0.0,0.0,1.0,1.0,0.0,-1.3309536397843746,1.1438556741642336,1.3603706359757965,-0.6432494670875735,-0.04228584588102149,-0.4499436443692835,-1.0544719975025107,-1.238419137394531,-0.997295264883693,-0.5406986566036541,-1.0037892104979562,1.0410698456029082,-0.21379576818001317
0,1,0,0,1,0,0,0,0,1,1,0,0,0.0,0.0,0.0,0.0,0.0,1.0,0.0,0.0,0.0,0.0,0.0,1.0,0.0,0.23837975637929248,0.2292342342960711,1.3603706359757965,2.227750979235495,-0.04228584588102149,-0.4499436443692835,1.178860115170367,0.7663987284695665,1.7008665818906816,0.5833853926513113,1.328544543306118,1.0410698456029082,-0.7142362329569328
0,0,1,0,1,0,1,1,0,0,1,1,0,0.0,0.0,0.0,0.0,0.0,1.0,0.0,0.0,0.0,0.0,0.0,1.0,0.0,-1.3309536397843746,-1.6000086454402538,-0.4798567654298188,-0.6432494670875735,-0.04228584588102149,-0.4499436443692835,0.06219405883392808,-0.23601020446248228,-0.997295264883693,-0.5406986566036541,-1.0037892104979562,1.0410698456029082,-0.464016000568473
0,1,1,1,0,0,0,0,0,1,1,0,0,1.0,0.0,0.0,0.0,1.0,0.0,0.0,0.0,0.0,1.0,0.0,0.0,0.0,-1.3309536397843746,1.1438556741642336,-0.4798567654298188,0.7922507560739607,-1.2353507832384072,0.8964786247660724,1.178860115170367,1.7688076614016153,1.7008665818906816,1.7074694419062766,1.328544543306118,1.0410698456029082,0.03642446420844665
0,0,1,0,1,0,1,1,0,1,1,1,0,1.0,0.0,0.0,0.0,0.0,0.0,1.0,0.0,0.0,0.0,1.0,1.0,0.0,0.23837975637929248,1.1438556741642336,0.4402569352729889,-0.6432494670875735,1.1507790914763643,-0.4499436443692835,0.06219405883392808,-1.238419137394531,-0.997295264883693,-0.5406986566036541,-0.2263446258965981,-0.3992894854413955,-0.7142362329569328
0,0,0,0,1,0,1,1,1,0,1,1,0,0.0,0.0,1.0,0.0,0.0,0.0,1.0,0.0,0.0,0.0,1.0,1.0,0.0,-0.5462869417025411,-0.6853872055720913,-0.4798567654298188,0.7922507560739607,2.34384402883375,-0.4499436443692835,1.178860115170367,-0.23601020446248228,1.7008665818906816,-0.5406986566036541,-1.0037892104979562,1.0410698456029082,0.03642446420844665
0,1,1,0,1,0,0,1,1,1,1,1,0,0.0,0.0,0.0,1.0,0.0,0.0,1.0,0.0,1.0,0.0,0.0,1.0,0.0,1.023046454461126,1.1438556741642336,1.3603706359757965,0.7922507560739607,-1.2353507832384072,-0.4499436443692835,-1.0544719975025107,-1.238419137394531,0.8014792996325567,-0.5406986566036541,1.328544543306118,-0.3992894854413955,2.038186323316125
0,0,0,0,1,0,0,0,1,1,1,0,0,0.0,0.0,0.0,0.0,0.0,1.0,0.0,0.0,0.0,0.0,0.0,1.0,0.0,1.023046454461126,-0.6853872055720913,-0.4798567654298188,0.7922507560739607,2.34384402883375,-0.4499436443692835,0.06219405883392808,0.7663987284695665,0.8014792996325567,-0.5406986566036541,-1.0037892104979562,0.32089018008075637,-0.7142362329569328
1,1,1,1,0,0,1,1,0,1,1,0,0,0.0,0.0,1.0,0.0,0.0,0.0,1.0,0.0,0.0,0.0,0.0,0.0,1.0,2.592379850624793,-0.6853872055720913,-0.4798567654298188,-0.6432494670875735,-0.04228584588102149,2.2429008939014285,1.178860115170367,1.7688076614016153,0.8014792996325567,2.831553491161242,2.1059891279074763,0.32089018008075637,0.6619750451795962
0,1,1,1,1,0,0,1,1,0,1,1,1,0.0,1.0,0.0,0.0,0.0,1.0,0.0,0.0,1.0,0.0,0.0,0.0,0.0,0.23837975637929248,-0.6853872055720913,-0.4798567654298188,-0.6432494670875735,-0.04228584588102149,-0.4499436443692835,0.06219405883392808,0.7663987284695665,-0.997295264883693,3.955637540416207,2.1059891279074763,0.32089018008075637,-0.21379576818001317
0,1,1,0,1,0,0,0,1,0,1,1,0,0.0,1.0,0.0,0.0,0.0,0.0,1.0,0.0,0.0,0.0,1.0,1.0,0.0,0.23837975637929248,0.2292342342960711,0.4402569352729889,-0.6432494670875735,-1.2353507832384072,-0.4499436443692835,0.06219405883392808,-0.23601020446248228,1.7008665818906816,1.7074694419062766,2.1059891279074763,1.0410698456029082,-0.33890588437424307
0,0,1,0,1,0,1,0,1,1,1,0,0,0.0,1.0,0.0,0.0,0.0,1.0,0.0,0.0,0.0,1.0,0.0,0.0,0.0,-1.3309536397843746,-0.6853872055720913,0.4402569352729889,0.7922507560739607,-1.2353507832384072,-0.4499436443692835,-1.0544719975025107,1.7688076614016153,-1.896682547141818,-0.5406986566036541,-1.0037892104979562,1.0410698456029082,-0.7142362329569328
1,1,0,0,1,0,1,0,0,0,1,1,0,0.0,1.0,0.0,0.0,0.0,1.0,0.0,0.0,0.0,0.0,0.0,1.0,0.0,1.023046454461126,0.2292342342960711,-0.4798567654298188,0.7922507560739607,-1.2353507832384072,0.8964786247660724,-2.1711380538389498,1.7688076614016153,1.7008665818906816,3.955637540416207,2.1059891279074763,1.0410698456029082,0.5368649289853663
0,0,1,0,1,1,1,0,1,1,1,1,1,1.0,0.0,0.0,0.0,1.0,0.0,0.0,0.0,0.0,0.0,1.0,0.0,0.0,1.023046454461126,1.1438556741642336,1.3603706359757965,-0.6432494670875735,-0.04228584588102149,0.8964786247660724,-2.1711380538389498,0.7663987284695665,0.8014792996325567,-0.5406986566036541,-1.0037892104979562,0.32089018008075637,1.1624155099565159
1,1,1,0,1,0,1,1,0,1,1,1,0,1.0,0.0,0.0,0.0,0.0,1.0,0.0,0.0,0.0,0.0,0.0,1.0,0.0,0.23837975637929248,0.2292342342960711,0.4402569352729889,0.7922507560739607,-0.04228584588102149,-0.4499436443692835,0.06219405883392808,1.7688076614016153,0.8014792996325567,0.5833853926513113,0.55109995870476,-0.3992894854413955,-0.464016000568473
0,1,1,1,1,0,0,0,1,1,1,1,1,1.0,0.0,0.0,0.0,0.0,1.0,0.0,0.0,0.0,0.0,0.0,1.0,0.0,0.23837975637929248,1.1438556741642336,0.4402569352729889,0.7922507560739607,-0.04228584588102149,-0.4499436443692835,-2.1711380538389498,1.7688076614016153,1.7008665818906816,-0.5406986566036541,1.328544543306118,1.0410698456029082,1.0373053937622858
0,1,0,1,1,0,0,0,0,1,1,0,0,0.0,1.0,0.0,0.0,0.0,1.0,0.0,0.0,0.0,0.0,1.0,1.0,0.0,0.23837975637929248,-1.6000086454402538,-0.4798567654298188,-0.6432494670875735,-1.2353507832384072,-0.4499436443692835,-2.1711380538389498,-1.238419137394531,-0.997295264883693,1.7074694419062766,0.55109995870476,1.0410698456029082,0.28664469659690645
0,1,1,1,1,0,0,1,1,1,1,1,0,0.0,0.0,1.0,0.0,0.0,0.0,1.0,0.0,1.0,0.0,0.0,1.0,0.0,-1.3309536397843746,-0.6853872055720913,-0.4798567654298188,0.7922507560739607,-0.04228584588102149,-0.4499436443692835,1.178860115170367,-0.23601020446248228,-0.09790798262556814,-0.5406986566036541,0.55109995870476,0.32089018008075637,-0.21379576818001317
0,0,1,0,1,0,1,0,1,1,1,1,0,1.0,0.0,0.0,0.0,0.0,1.0,0.0,0.0,1.0,0.0,0.0,1.0,0.0,-0.5462869417025411,1.1438556741642336,0.4402569352729889,-0.6432494670875735,-0.04228584588102149,-0.4499436443692835,0.06219405883392808,-0.23601020446248228,1.7008665818906816,-0.5406986566036541,2.1059891279074763,-1.1194691509635473,-0.464016000568473
0,0,1,1,1,0,1,1,1,1,1,1,0,0.0,0.0,0.0,1.0,0.0,0.0,1.0,0.0,0.0,0.0,1.0,1.0,0.0,0.23837975637929248,1.1438556741642336,-0.4798567654298188,-0.6432494670875735,2.34384402883375,-0.4499436443692835,0.06219405883392808,-1.238419137394531,-0.09790798262556814,-0.5406986566036541,-1.0037892104979562,0.32089018008075637,0.03642446420844665
0,0,1,0,1,0,1,1,1,1,1,1,0,0.0,0.0,0.0,1.0,0.0,0.0,1.0,0.0,1.0,0.0,0.0,1.0,0.0,-0.5462869417025411,1.1438556741642336,-0.4798567654298188,0.7922507560739607,-0.04228584588102149,-0.4499436443692835,1.178860115170367,-0.23601020446248228,-0.09790798262556814,-0.5406986566036541,-1.0037892104979562,-1.8396488164856992,-0.7142362329569328
0,1,1,0,1,0,1,0,1,0,1,1,0,0.0,1.0,0.0,0.0,0.0,1.0,0.0,0.0,0.0,0.0,0.0,0.0,0.0,-0.5462869417025411,0.2292342342960711,1.3603706359757965,2.227750979235495,-1.2353507832384072,2.2429008939014285,-1.0544719975025107,0.7663987284695665,1.7008665818906816,0.5833853926513113,1.328544543306118,-1.1194691509635473,-0.7142362329569328
0,0,1,0,1,0,1,0,0,1,1,1,0,1.0,0.0,0.0,0.0,0.0,1.0,0.0,0.0,1.0,0.0,0.0,1.0,0.0,-0.5462869417025411,1.1438556741642336,1.3603706359757965,-0.6432494670875735,-1.2353507832384072,-0.4499436443692835,0.06219405883392808,0.7663987284695665,0.8014792996325567,-0.5406986566036541,-0.2263446258965981,-1.1194691509635473,-0.21379576818001317
0,0,1,1,0,1,0,0,1,1,1,1,1,0.0,1.0,0.0,0.0,0.0,1.0,0.0,0.0,1.0,0.0,0.0,1.0,0.0,-1.3309536397843746,0.2292342342960711,1.3603706359757965,-0.6432494670875735,-0.04228584588102149,-0.4499436443692835,1.178860115170367,-0.23601020446248228,-0.997295264883693,-0.5406986566036541,-1.0037892104979562,-1.8396488164856992,-0.7142362329569328
0,1,1,1,1,0,0,0,1,0,1,1,0,0.0,1.0,0.0,0.0,0.0,1.0,0.0,0.0,0.0,0.0,0.0,1.0,0.0,-1.3309536397843746,0.2292342342960711,0.4402569352729889,-0.6432494670875735,-0.04228584588102149,-0.4499436443692835,1.178860115170367,-0.23601020446248228,-0.997295264883693,-0.5406986566036541,-1.0037892104979562,-1.1194691509635473,-0.7142362329569328
0,1,1,0,1,0,1,1,0,1,1,0,0,0.0,0.0,0.0,1.0,0.0,1.0,0.0,0.0,1.0,0.0,0.0,1.0,0.0,-1.3309536397843746,1.1438556741642336,-0.4798567654298188,-0.6432494670875735,-0.04228584588102149,-0.4499436443692835,0.06219405883392808,-0.23601020446248228,-0.09790798262556814,0.5833853926513113,-0.2263446258965981,1.0410698456029082,-0.464016000568473
0,1,0,0,1,0,0,0,1,1,1,1,1,1.0,0.0,0.0,0.0,0.0,0.0,1.0,0.0,0.0,0.0,1.0,1.0,0.0,-1.3309536397843746,-0.6853872055720913,-1.3999704661326267,-0.6432494670875735,-0.04228584588102149,-0.4499436443692835,1.178860115170367,0.7663987284695665,-0.997295264883693,-0.5406986566036541,-1.0037892104979562,1.0410698456029082,0.28664469659690645
0,1,1,1,1,0,1,0,1,1,1,1,0,0.0,1.0,0.0,0.0,0.0,1.0,0.0,0.0,0.0,0.0,0.0,1.0,0.0,1.023046454461126,-0.6853872055720913,-0.4798567654298188,-0.6432494670875735,2.34384402883375,-0.4499436443692835,0.06219405883392808,1.7688076614016153,1.7008665818906816,0.5833853926513113,1.328544543306118,1.0410698456029082,-0.464016000568473
0,0,1,0,1,0,0,0,0,1,1,1,0,0.0,0.0,1.0,0.0,0.0,0.0,1.0,0.0,0.0,0.0,0.0,1.0,0.0,-0.5462869417025411,-0.6853872055720913,0.4402569352729889,-0.6432494670875735,-0.04228584588102149,-0.4499436443692835,0.06219405883392808,-0.23601020446248228,-0.09790798262556814,-0.5406986566036541,-1.0037892104979562,-1.1194691509635473,0.5368649289853663
0,1,0,0,1,0,0,0,0,0,1,0,0,0.0,0.0,0.0,0.0,0.0,1.0,0.0,0.0,0.0,0.0,0.0,1.0,0.0,-0.5462869417025411,-0.6853872055720913,-0.4798567654298188,2.227750979235495,-1.2353507832384072,-0.4499436443692835,0.06219405883392808,-1.238419137394531,-0.997295264883693,-0.5406986566036541,-0.2263446258965981,-0.3992894854413955,-0.464016000568473
0,0,1,0,0,1,1,1,0,1,1,1,0,0.0,1.0,0.0,0.0,0.0,1.0,0.0,0.0,0.0,0.0,1.0,1.0,0.0,-0.5462869417025411,-0.6853872055720913,-0.4798567654298188,-0.6432494670875735,-0.04228584588102149,-0.4499436443692835,-1.0544719975025107,-0.23601020446248228,0.8014792996325567,-0.5406986566036541,-1.0037892104979562,0.32089018008075637,-0.7142362329569328
0,0,0,0,1,0,1,1,1,1,1,1,1,0.0,0.0,0.0,1.0,0.0,1.0,0.0,0.0,0.0,0.0,1.0,1.0,0.0,0.23837975637929248,1.1438556741642336,0.4402569352729889,0.7922507560739607,1.1507790914763643,-0.4499436443692835,0.06219405883392808,0.7663987284695665,-0.997295264883693,-0.5406986566036541,-1.0037892104979562,0.32089018008075637,0.03642446420844665
0,0,1,0,0,1,0,0,0,1,1,0,0,0.0,0.0,0.0,0.0,0.0,0.0,0.0,1.0,0.0,0.0,0.0,1.0,0.0,1.023046454461126,1.1438556741642336,1.3603706359757965,0.7922507560739607,-0.04228584588102149,-0.4499436443692835,0.06219405883392808,-0.23601020446248228,0.8014792996325567,-0.5406986566036541,-1.0037892104979562,-0.3992894854413955,0.03642446420844665
0,1,1,0,1,0,1,1,1,1,1,1,0,0.0,0.0,1.0,0.0,0.0,1.0,0.0,0.0,1.0,0.0,0.0,1.0,0.0,1.023046454461126,-0.6853872055720913,-0.4798567654298188,-0.6432494670875735,-0.04228584588102149,0.8964786247660724,0.06219405883392808,0.7663987284695665,0.8014792996325567,0.5833853926513113,1.328544543306118,1.0410698456029082,1.1624155099565159
0,1,1,0,1,0,0,0,0,0,0,1,0,0.0,0.0,1.0,0.0,0.0,0.0,1.0,0.0,0.0,1.0,0.0,1.0,0.0,1.023046454461126,-0.6853872055720913,-1.3999704661326267,-0.6432494670875735,-1.2353507832384072,0.8964786247660724,-1.0544719975025107,-1.238419137394531,1.7008665818906816,0.5833853926513113,2.1059891279074763,1.0410698456029082,-0.21379576818001317
0,0,1,0,0,0,1,1,0,1,1,1,0,0.0,0.0,1.0,0.0,0.0,1.0,0.0,0.0,0.0,0.0,0.0,1.0,0.0,-0.5462869417025411,0.2292342342960711,-1.3999704661326267,-0.6432494670875735,-0.04228584588102149,3.5893231630367843,-2.1711380538389498,-0.23601020446248228,-0.09790798262556814,0.5833853926513113,-0.2263446258965981,0.32089018008075637,-0.08868565198578325
0,0,1,0,1,1,1,1,1,1,1,0,0,0.0,1.0,0.0,0.0,0.0,1.0,0.0,0.0,0.0,0.0,1.0,1.0,0.0,-0.5462869417025411,-0.6853872055720913,0.4402569352729889,-0.6432494670875735,-0.04228584588102149,-0.4499436443692835,0.06219405883392808,0.7663987284695665,-0.09790798262556814,-0.5406986566036541,0.55109995870476,0.32089018008075637,0.03642446420844665
0,0,1,0,1,0,1,1,1,1,1,1,1,1.0,0.0,0.0,0.0,0.0,1.0,0.0,0.0,0.0,0.0,1.0,1.0,0.0,0.23837975637929248,1.1438556741642336,0.4402569352729889,-0.6432494670875735,1.1507790914763643,-0.4499436443692835,0.06219405883392808,0.7663987284695665,-0.09790798262556814,-0.5406986566036541,0.55109995870476,0.32089018008075637,-0.7142362329569328
1,1,0,1,1,0,0,0,0,0,1,1,0,0.0,0.0,1.0,0.0,0.0,1.0,0.0,0.0,0.0,0.0,0.0,1.0,0.0,1.023046454461126,0.2292342342960711,-0.4798567654298188,2.227750979235495,-1.2353507832384072,-0.4499436443692835,0.06219405883392808,0.7663987284695665,-1.896682547141818,1.7074694419062766,1.328544543306118,1.0410698456029082,-0.7142362329569328
0,0,1,1,1,0,1,1,0,1,1,1,0,0.0,0.0,1.0,0.0,0.0,0.0,1.0,0.0,0.0,0.0,0.0,1.0,0.0,-0.5462869417025411,-0.6853872055720913,-0.4798567654298188,2.227750979235495,-0.04228584588102149,-0.4499436443692835,0.06219405883392808,-0.23601020446248228,-0.09790798262556814,0.5833853926513113,0.55109995870476,0.32089018008075637,-0.464016000568473
0,1,1,0,1,0,0,0,0,1,1,1,0,0.0,1.0,0.0,0.0,0.0,1.0,0.0,0.0,0.0,0.0,0.0,1.0,0.0,-1.3309536397843746,1.1438556741642336,-0.4798567654298188,-0.6432494670875735,2.34384402883375,-0.4499436443692835,-1.0544719975025107,-0.23601020446248228,-0.09790798262556814,-0.5406986566036541,-1.0037892104979562,-0.3992894854413955,-0.7142362329569328
0,1,0,1,0,0,1,1,0,1,1,1,0,0.0,0.0,0.0,1.0,0.0,1.0,0.0,0.0,0.0,0.0,0.0,1.0,0.0,0.23837975637929248,1.1438556741642336,1.3603706359757965,0.7922507560739607,-0.04228584588102149,-0.4499436443692835,-1.0544719975025107,-0.23601020446248228,-0.09790798262556814,0.5833853926513113,0.55109995870476,0.32089018008075637,-0.464016000568473
0,0,1,1,1,1,1,0,1,0,1,1,0,0.0,0.0,0.0,0.0,0.0,1.0,0.0,0.0,0.0,0.0,1.0,0.0,1.0,1.8077131525429595,-1.6000086454402538,-1.3999704661326267,-0.6432494670875735,-0.04228584588102149,0.8964786247660724,0.06219405883392808,0.7663987284695665,-0.09790798262556814,-0.5406986566036541,0.55109995870476,-0.3992894854413955,1.5377458585392054
0,0,1,1,1,0,0,0,0,1,1,1,1,0.0,0.0,1.0,0.0,0.0,0.0,0.0,0.0,0.0,0.0,1.0,1.0,0.0,1.023046454461126,-0.6853872055720913,-1.3999704661326267,-0.6432494670875735,-0.04228584588102149,0.8964786247660724,1.178860115170367,0.7663987284695665,-0.09790798262556814,-0.5406986566036541,-1.0037892104979562,1.0410698456029082,0.7870851613738261
0,0,1,0,1,0,1,1,1,1,1,1,0,0.0,1.0,0.0,0.0,0.0,1.0,0.0,0.0,0.0,0.0,1.0,0.0,1.0,1.8077131525429595,0.2292342342960711,0.4402569352729889,-0.6432494670875735,2.34384402883375,-0.4499436443692835,0.06219405883392808,-0.23601020446248228,-0.09790798262556814,-0.5406986566036541,-0.2263446258965981,-0.3992894854413955,0.5368649289853663
0,0,1,1,1,0,0,0,0,1,1,1,0,0.0,0.0,0.0,0.0,0.0,0.0,0.0,0.0,0.0,0.0,0.0,1.0,0.0,-0.5462869417025411,-1.6000086454402538,-1.3999704661326267,-0.6432494670875735,-1.2353507832384072,-0.4499436443692835,-1.0544719975025107,0.7663987284695665,0.8014792996325567,1.7074694419062766,0.55109995870476,-1.8396488164856992,-0.464016000568473
0,1,1,0,1,0,1,0,1,1,1,1,0,0.0,0.0,1.0,0.0,0.0,1.0,0.0,0.0,1.0,0.0,0.0,0.0,0.0,-0.5462869417025411,0.2292342342960711,0.4402569352729889,-0.6432494670875735,1.1507790914763643,-0.4499436443692835,1.178860115170367,-0.23601020446248228,-0.09790798262556814,-0.5406986566036541,-1.0037892104979562,1.0410698456029082,-0.464016000568473
0,0,1,1,1,1,0,0,1,1,1,1,0,0.0,1.0,0.0,0.0,0.0,0.0,1.0,0.0,0.0,0.0,1.0,0.0,0.0,-0.5462869417025411,-1.6000086454402538,-0.4798567654298188,-0.6432494670875735,-0.04228584588102149,-0.4499436443692835,0.06219405883392808,0.7663987284695665,-0.09790798262556814,-0.5406986566036541,-1.0037892104979562,-1.8396488164856992,-0.21379576818001317
0,1,1,1,1,0,0,1,1,1,1,1,0,1.0,0.0,0.0,0.0,0.0,1.0,0.0,0.0,1.0,0.0,0.0,0.0,0.0,-0.5462869417025411,1.1438556741642336,0.4402569352729889,-0.6432494670875735,-1.2353507832384072,-0.4499436443692835,-1.0544719975025107,-2.2408280703265797,-0.09790798262556814,-0.5406986566036541,0.55109995870476,1.0410698456029082,-0.21379576818001317
0,1,1,1,0,0,0,1,1,1,1,1,1,0.0,0.0,1.0,0.0,0.0,1.0,0.0,0.0,1.0,0.0,0.0,1.0,0.0,0.23837975637929248,1.1438556741642336,-1.3999704661326267,0.7922507560739607,-1.2353507832384072,-0.4499436443692835,0.06219405883392808,1.7688076614016153,0.8014792996325567,0.5833853926513113,1.328544543306118,1.0410698456029082,3.0390672528699643
1,1,0,1,1,0,1,1,1,1,0,1,1,0.0,0.0,0.0,0.0,0.0,0.0,1.0,0.0,0.0,1.0,0.0,0.0,0.0,1.023046454461126,-1.6000086454402538,-0.4798567654298188,2.227750979235495,-1.2353507832384072,-0.4499436443692835,0.06219405883392808,-0.23601020446248228,-0.09790798262556814,0.5833853926513113,0.55109995870476,-0.3992894854413955,-0.33890588437424307
0,0,1,0,1,0,1,1,0,0,1,1,1,0.0,1.0,0.0,0.0,0.0,1.0,0.0,0.0,0.0,0.0,0.0,0.0,1.0,1.023046454461126,-0.6853872055720913,-1.3999704661326267,0.7922507560739607,1.1507790914763643,-0.4499436443692835,0.06219405883392808,0.7663987284695665,0.8014792996325567,-0.5406986566036541,-1.0037892104979562,-0.3992894854413955,-0.7142362329569328
0,1,0,0,1,0,0,0,1,0,1,0,0,0.0,1.0,0.0,0.0,0.0,1.0,0.0,0.0,0.0,0.0,0.0,1.0,0.0,1.023046454461126,0.2292342342960711,-0.4798567654298188,-0.6432494670875735,1.1507790914763643,-0.4499436443692835,1.178860115170367,-0.23601020446248228,-0.997295264883693,-0.5406986566036541,-1.0037892104979562,-0.3992894854413955,-0.5891261167627029
0,0,1,0,1,0,1,1,1,1,1,1,0,0.0,0.0,0.0,1.0,0.0,0.0,1.0,0.0,0.0,0.0,0.0,1.0,0.0,0.23837975637929248,1.1438556741642336,1.3603706359757965,-0.6432494670875735,1.1507790914763643,-0.4499436443692835,1.178860115170367,0.7663987284695665,0.8014792996325567,-0.5406986566036541,0.55109995870476,0.32089018008075637,0.16153458040267657
0,1,1,1,1,0,0,0,1,1,1,0,1,0.0,0.0,0.0,0.0,0.0,1.0,0.0,0.0,0.0,0.0,0.0,1.0,0.0,-0.5462869417025411,-0.6853872055720913,-1.3999704661326267,-0.6432494670875735,-1.2353507832384072,0.8964786247660724,0.06219405883392808,0.7663987284695665,0.8014792996325567,1.7074694419062766,2.1059891279074763,1.0410698456029082,0.03642446420844665
0,1,1,0,1,1,0,1,0,0,1,1,0,0.0,1.0,0.0,0.0,0.0,1.0,0.0,0.0,1.0,0.0,0.0,1.0,0.0,-1.3309536397843746,-0.6853872055720913,0.4402569352729889,-0.6432494670875735,1.1507790914763643,-0.4499436443692835,1.178860115170367,-0.23601020446248228,-0.997295264883693,-0.5406986566036541,-0.2263446258965981,1.0410698456029082,-0.21379576818001317
0,0,1,0,1,0,0,0,0,1,1,1,0,0.0,0.0,1.0,0.0,0.0,1.0,0.0,0.0,0.0,0.0,0.0,1.0,0.0,0.23837975637929248,0.2292342342960711,1.3603706359757965,-0.6432494670875735,1.1507790914763643,-0.4499436443692835,0.06219405883392808,0.7663987284695665,1.7008665818906816,-0.5406986566036541,0.55109995870476,1.0410698456029082,1.2875256261507457
1,0,0,0,1,0,1,1,1,1,1,1,0,0.0,0.0,0.0,1.0,0.0,0.0,1.0,0.0,0.0,1.0,0.0,0.0,0.0,0.23837975637929248,1.1438556741642336,1.3603706359757965,0.7922507560739607,-0.04228584588102149,-0.4499436443692835,0.06219405883392808,-0.23601020446248228,-0.09790798262556814,-0.5406986566036541,-0.2263446258965981,1.0410698456029082,-0.21379576818001317
1,1,0,1,1,0,0,0,1,0,0,0,0,0.0,0.0,0.0,0.0,0.0,1.0,0.0,0.0,0.0,1.0,0.0,1.0,0.0,1.023046454461126,-1.6000086454402538,-1.3999704661326267,0.7922507560739607,-0.04228584588102149,0.8964786247660724,0.06219405883392808,0.7663987284695665,-0.09790798262556814,0.5833853926513113,0.55109995870476,1.0410698456029082,-0.464016000568473
0,1,1,0,1,0,1,1,0,1,1,1,1,0.0,0.0,0.0,1.0,0.0,1.0,0.0,0.0,0.0,0.0,0.0,1.0,0.0,1.023046454461126,1.1438556741642336,0.4402569352729889,-0.6432494670875735,1.1507790914763643,-0.4499436443692835,1.178860115170367,0.7663987284695665,1.7008665818906816,0.5833853926513113,0.55109995870476,1.0410698456029082,-0.7142362329569328
0,1,1,0,1,0,0,0,0,1,0,1,0,0.0,0.0,0.0,0.0,0.0,0.0,1.0,0.0,0.0,0.0,0.0,0.0,0.0,0.23837975637929248,-1.6000086454402538,0.4402569352729889,-0.6432494670875735,-1.2353507832384072,-0.4499436443692835,1.178860115170367,-0.23601020446248228,-0.09790798262556814,-0.5406986566036541,1.328544543306118,-1.1194691509635473,-0.464016000568473
0,1,1,1,1,1,1,0,1,1,1,1,0,0.0,1.0,0.0,0.0,0.0,0.0,0.0,0.0,1.0,0.0,0.0,0.0,0.0,-1.3309536397843746,-1.6000086454402538,-0.4798567654298188,-0.6432494670875735,-0.04228584588102149,-0.4499436443692835,0.06219405883392808,-0.23601020446248228,-0.997295264883693,-0.5406986566036541,-1.0037892104979562,1.0410698456029082,-0.464016000568473
0,1,1,0,1,0,0,0,1,1,1,1,1,0.0,0.0,0.0,0.0,0.0,1.0,0.0,0.0,0.0,0.0,1.0,1.0,0.0,-0.5462869417025411,0.2292342342960711,-0.4798567654298188,0.7922507560739607,1.1507790914763643,-0.4499436443692835,1.178860115170367,-0.23601020446248228,-0.09790798262556814,-0.5406986566036541,0.55109995870476,-1.1194691509635473,0.5368649289853663
0,1,1,1,1,0,1,0,0,0,1,1,1,0.0,0.0,0.0,1.0,0.0,1.0,0.0,0.0,1.0,0.0,0.0,0.0,1.0,-1.3309536397843746,1.1438556741642336,1.3603706359757965,-0.6432494670875735,-1.2353507832384072,-0.4499436443692835,1.178860115170367,0.7663987284695665,-0.09790798262556814,0.5833853926513113,1.328544543306118,1.0410698456029082,0.28664469659690645
0,1,1,0,1,1,1,1,1,1,1,1,0,0.0,0.0,1.0,0.0,0.0,0.0,1.0,0.0,0.0,1.0,0.0,1.0,0.0,-0.5462869417025411,1.1438556741642336,1.3603706359757965,-0.6432494670875735,-1.2353507832384072,-0.4499436443692835,0.06219405883392808,1.7688076614016153,1.7008665818906816,3.955637540416207,2.1059891279074763,0.32089018008075637,1.0373053937622858
0,1,1,1,0,0,0,0,1,1,1,1,0,0.0,0.0,0.0,1.0,0.0,0.0,0.0,1.0,0.0,0.0,0.0,1.0,0.0,-1.3309536397843746,1.1438556741642336,1.3603706359757965,-0.6432494670875735,-1.2353507832384072,-0.4499436443692835,1.178860115170367,1.7688076614016153,-0.09790798262556814,-0.5406986566036541,-1.0037892104979562,0.32089018008075637,0.03642446420844665
0,0,1,0,1,0,1,1,1,1,1,1,1,0.0,1.0,0.0,0.0,0.0,1.0,0.0,0.0,0.0,0.0,0.0,1.0,0.0,1.023046454461126,1.1438556741642336,0.4402569352729889,-0.6432494670875735,1.1507790914763643,-0.4499436443692835,0.06219405883392808,-0.23601020446248228,0.8014792996325567,-0.5406986566036541,-1.0037892104979562,1.0410698456029082,0.41175481279113635
0,0,1,0,1,0,1,1,0,1,1,1,1,0.0,1.0,0.0,0.0,0.0,1.0,0.0,0.0,1.0,0.0,0.0,1.0,0.0,0.23837975637929248,0.2292342342960711,-0.4798567654298188,-0.6432494670875735,-0.04228584588102149,-0.4499436443692835,0.06219405883392808,-0.23601020446248228,-0.997295264883693,0.5833853926513113,0.55109995870476,-1.1194691509635473,-0.7142362329569328
0,1,1,0,1,0,1,1,1,1,1,1,1,0.0,0.0,0.0,1.0,0.0,1.0,0.0,0.0,1.0,0.0,0.0,1.0,0.0,1.023046454461126,1.1438556741642336,-0.4798567654298188,-0.6432494670875735,-0.04228584588102149,-0.4499436443692835,0.06219405883392808,-0.23601020446248228,-0.997295264883693,-0.5406986566036541,1.328544543306118,1.0410698456029082,0.6619750451795962
0,1,0,0,1,1,1,0,1,0,1,1,0,0.0,0.0,1.0,0.0,0.0,1.0,0.0,0.0,0.0,0.0,1.0,1.0,0.0,-0.5462869417025411,1.1438556741642336,0.4402569352729889,0.7922507560739607,-1.2353507832384072,-0.4499436443692835,-1.0544719975025107,-0.23601020446248228,-0.09790798262556814,-0.5406986566036541,-1.0037892104979562,0.32089018008075637,-0.464016000568473
0,0,1,0,1,0,1,1,1,1,1,1,0,0.0,0.0,1.0,0.0,0.0,0.0,1.0,0.0,0.0,0.0,1.0,1.0,0.0,-0.5462869417025411,1.1438556741642336,1.3603706359757965,-0.6432494670875735,1.1507790914763643,-0.4499436443692835,-1.0544719975025107,-1.238419137394531,-0.09790798262556814,-0.5406986566036541,-0.2263446258965981,-1.1194691509635473,0.03642446420844665
0,1,1,1,0,0,0,0,0,1,1,1,0,0.0,0.0,0.0,1.0,0.0,0.0,1.0,0.0,1.0,0.0,0.0,1.0,0.0,0.23837975637929248,0.2292342342960711,-0.4798567654298188,-0.6432494670875735,-1.2353507832384072,0.8964786247660724,0.06219405883392808,0.7663987284695665,0.8014792996325567,1.7074694419062766,1.328544543306118,-0.3992894854413955,1.6628559747334355
0,1,1,0,1,0,0,0,0,1,1,1,0,0.0,1.0,0.0,0.0,0.0,1.0,0.0,0.0,1.0,0.0,0.0,0.0,0.0,-0.5462869417025411,-0.6853872055720913,0.4402569352729889,0.7922507560739607,-1.2353507832384072,-0.4499436443692835,1.178860115170367,-0.23601020446248228,-0.09790798262556814,-0.5406986566036541,-1.0037892104979562,-0.3992894854413955,-0.7142362329569328
0,0,1,0,0,1,0,0,0,1,1,0,0,0.0,1.0,0.0,0.0,1.0,0.0,0.0,0.0,0.0,0.0,1.0,0.0,0.0,-1.3309536397843746,0.2292342342960711,0.4402569352729889,-0.6432494670875735,2.34384402883375,-0.4499436443692835,0.06219405883392808,-0.23601020446248228,-0.09790798262556814,-0.5406986566036541,-1.0037892104979562,0.32089018008075637,0.5368649289853663
0,0,1,1,1,0,1,1,0,1,1,1,0,0.0,0.0,1.0,0.0,0.0,1.0,0.0,0.0,0.0,0.0,1.0,1.0,0.0,-1.3309536397843746,0.2292342342960711,-0.4798567654298188,-0.6432494670875735,-0.04228584588102149,-0.4499436443692835,0.06219405883392808,0.7663987284695665,0.8014792996325567,-0.5406986566036541,-1.0037892104979562,1.0410698456029082,0.5368649289853663
1,0,1,1,0,0,0,0,0,1,1,0,1,0.0,0.0,1.0,0.0,0.0,1.0,0.0,0.0,0.0,0.0,1.0,1.0,0.0,0.23837975637929248,0.2292342342960711,-0.4798567654298188,0.7922507560739607,-0.04228584588102149,-0.4499436443692835,-3.2878041101753888,-1.238419137394531,-0.09790798262556814,-0.5406986566036541,-0.2263446258965981,1.0410698456029082,-0.464016000568473
1,0,0,0,1,0,1,1,0,1,1,1,1,0.0,1.0,0.0,0.0,0.0,0.0,1.0,0.0,0.0,0.0,1.0,1.0,0.0,0.23837975637929248,-1.6000086454402538,-1.3999704661326267,2.227750979235495,-1.2353507832384072,0.8964786247660724,1.178860115170367,-1.238419137394531,-1.896682547141818,-0.5406986566036541,-0.2263446258965981,-1.8396488164856992,-0.7142362329569328
0,1,1,0,1,0,0,1,1,0,1,1,0,0.0,0.0,1.0,0.0,0.0,1.0,0.0,0.0,0.0,0.0,1.0,0.0,0.0,-0.5462869417025411,-0.6853872055720913,-0.4798567654298188,0.7922507560739607,-0.04228584588102149,0.8964786247660724,0.06219405883392808,0.7663987284695665,-0.997295264883693,-0.5406986566036541,-1.0037892104979562,-0.3992894854413955,0.7870851613738261
0,0,1,0,1,0,1,0,0,1,0,1,1,0.0,0.0,0.0,0.0,0.0,1.0,0.0,0.0,0.0,1.0,0.0,0.0,1.0,1.8077131525429595,-0.6853872055720913,-1.3999704661326267,2.227750979235495,-0.04228584588102149,-0.4499436443692835,-1.0544719975025107,0.7663987284695665,-1.896682547141818,-0.5406986566036541,-1.0037892104979562,-1.1194691509635473,1.7879660909276653
0,1,1,0,1,0,1,1,1,1,1,1,1,0.0,1.0,0.0,0.0,0.0,1.0,0.0,0.0,0.0,0.0,1.0,1.0,0.0,-0.5462869417025411,-1.6000086454402538,-2.3200841668354344,0.7922507560739607,-0.04228584588102149,-0.4499436443692835,0.06219405883392808,-0.23601020446248228,-0.997295264883693,-0.5406986566036541,-1.0037892104979562,-0.3992894854413955,-0.464016000568473
0,1,1,0,1,1,1,0,0,1,1,1,0,0.0,0.0,0.0,1.0,0.0,0.0,1.0,0.0,0.0,0.0,0.0,0.0,0.0,-1.3309536397843746,1.1438556741642336,0.4402569352729889,0.7922507560739607,2.34384402883375,-0.4499436443692835,-2.1711380538389498,-1.238419137394531,-0.997295264883693,-0.5406986566036541,-1.0037892104979562,-0.3992894854413955,-0.7142362329569328
0,1,1,0,1,0,0,1,0,0,1,1,0,0.0,1.0,0.0,0.0,0.0,1.0,0.0,0.0,0.0,1.0,0.0,1.0,0.0,-0.5462869417025411,-2.5146300853084163,-0.4798567654298188,-0.6432494670875735,-1.2353507832384072,-0.4499436443692835,0.06219405883392808,-0.23601020446248228,-0.997295264883693,0.5833853926513113,1.328544543306118,1.0410698456029082,-0.7142362329569328
0,0,1,0,1,1,1,1,0,1,1,1,0,0.0,1.0,0.0,0.0,0.0,1.0,0.0,0.0,0.0,0.0,0.0,1.0,0.0,-1.3309536397843746,-0.6853872055720913,-0.4798567654298188,-0.6432494670875735,2.34384402883375,-0.4499436443692835,1.178860115170367,-2.2408280703265797,-0.997295264883693,-0.5406986566036541,-1.0037892104979562,-0.3992894854413955,0.28664469659690645
0,1,1,0,1,0,0,0,1,1,1,1,0,0.0,1.0,0.0,0.0,0.0,1.0,0.0,0.0,0.0,0.0,0.0,1.0,0.0,1.023046454461126,1.1438556741642336,1.3603706359757965,-0.6432494670875735,1.1507790914763643,-0.4499436443692835,0.06219405883392808,-0.23601020446248228,-0.09790798262556814,0.5833853926513113,-0.2263446258965981,-0.3992894854413955,-0.33890588437424307
0,1,1,1,1,0,0,0,1,1,1,0,0,0.0,1.0,0.0,0.0,0.0,1.0,0.0,0.0,0.0,0.0,0.0,1.0,0.0,-0.5462869417025411,-1.6000086454402538,-0.4798567654298188,0.7922507560739607,-1.2353507832384072,0.8964786247660724,0.06219405883392808,0.7663987284695665,0.8014792996325567,0.5833853926513113,1.328544543306118,1.0410698456029082,-0.7142362329569328
0,1,1,0,1,0,0,0,0,1,1,1,0,0.0,1.0,0.0,0.0,0.0,1.0,0.0,0.0,0.0,0.0,1.0,0.0,0.0,-1.3309536397843746,0.2292342342960711,1.3603706359757965,-0.6432494670875735,-1.2353507832384072,-0.4499436443692835,-1.0544719975025107,0.7663987284695665,-0.09790798262556814,-0.5406986566036541,-0.2263446258965981,0.32089018008075637,0.03642446420844665
0,0,1,0,1,1,1,1,1,1,1,1,0,0.0,0.0,0.0,1.0,1.0,0.0,0.0,0.0,1.0,0.0,0.0,1.0,0.0,-0.5462869417025411,1.1438556741642336,0.4402569352729889,-0.6432494670875735,1.1507790914763643,-0.4499436443692835,-1.0544719975025107,0.7663987284695665,0.8014792996325567,0.5833853926513113,1.328544543306118,0.32089018008075637,-0.464016000568473
0,1,1,0,1,0,1,1,0,1,1,1,1,0.0,1.0,0.0,0.0,0.0,0.0,1.0,0.0,0.0,0.0,0.0,0.0,0.0,-0.5462869417025411,0.2292342342960711,0.4402569352729889,-0.6432494670875735,-0.04228584588102149,0.8964786247660724,0.06219405883392808,1.7688076614016153,1.7008665818906816,2.831553491161242,1.328544543306118,1.0410698456029082,-0.21379576818001317
0,0,1,0,1,0,1,1,0,0,1,1,0,0.0,1.0,0.0,0.0,0.0,1.0,0.0,0.0,1.0,0.0,0.0,1.0,0.0,-0.5462869417025411,-0.6853872055720913,-0.4798567654298188,-0.6432494670875735,-0.04228584588102149,-0.4499436443692835,1.178860115170367,-2.2408280703265797,1.7008665818906816,-0.5406986566036541,-1.0037892104979562,0.32089018008075637,-0.7142362329569328
0,0,1,0,1,1,1,0,1,0,1,1,1,0.0,0.0,1.0,0.0,0.0,0.0,1.0,0.0,0.0,0.0,0.0,0.0,0.0,-0.5462869417025411,-1.6000086454402538,-1.3999704661326267,3.663251202397029,-1.2353507832384072,-0.4499436443692835,1.178860115170367,1.7688076614016153,1.7008665818906816,3.955637540416207,2.1059891279074763,1.0410698456029082,0.03642446420844665
0,0,1,1,1,0,1,1,0,1,1,1,1,0.0,1.0,0.0,0.0,0.0,1.0,0.0,0.0,1.0,0.0,0.0,0.0,1.0,1.023046454461126,1.1438556741642336,0.4402569352729889,0.7922507560739607,-0.04228584588102149,-0.4499436443692835,0.06219405883392808,0.7663987284695665,1.7008665818906816,-0.5406986566036541,-0.2263446258965981,-1.1194691509635473,0.5368649289853663
0,1,1,0,1,0,1,1,0,1,1,1,1,0.0,0.0,0.0,1.0,0.0,0.0,1.0,0.0,0.0,0.0,1.0,0.0,1.0,1.8077131525429595,1.1438556741642336,1.3603706359757965,0.7922507560739607,-1.2353507832384072,0.8964786247660724,0.06219405883392808,-0.23601020446248228,0.8014792996325567,-0.5406986566036541,-1.0037892104979562,0.32089018008075637,4.039948182423803
0,1,1,0,1,1,1,0,1,1,0,1,0,0.0,1.0,0.0,0.0,0.0,1.0,0.0,0.0,1.0,0.0,0.0,1.0,0.0,0.23837975637929248,-0.6853872055720913,-1.3999704661326267,0.7922507560739607,-1.2353507832384072,3.5893231630367843,0.06219405883392808,1.7688076614016153,-1.896682547141818,-0.5406986566036541,-1.0037892104979562,-0.3992894854413955,-0.464016000568473
1,0,0,1,1,0,0,0,0,1,1,1,0,0.0,1.0,0.0,0.0,0.0,1.0,0.0,0.0,0.0,0.0,1.0,1.0,0.0,1.023046454461126,1.1438556741642336,1.3603706359757965,0.7922507560739607,1.1507790914763643,-0.4499436443692835,1.178860115170367,0.7663987284695665,0.8014792996325567,-0.5406986566036541,-1.0037892104979562,-1.8396488164856992,-0.7142362329569328
0,1,0,0,1,0,0,0,0,1,1,1,1,0.0,0.0,0.0,1.0,0.0,0.0,1.0,0.0,0.0,0.0,0.0,1.0,0.0,1.023046454461126,1.1438556741642336,0.4402569352729889,-0.6432494670875735,1.1507790914763643,-0.4499436443692835,1.178860115170367,-0.23601020446248228,-0.997295264883693,-0.5406986566036541,-0.2263446258965981,0.32089018008075637,0.41175481279113635
0,1,1,0,1,0,1,0,1,1,1,1,0,0.0,0.0,1.0,0.0,0.0,0.0,1.0,0.0,0.0,0.0,0.0,1.0,0.0,0.23837975637929248,0.2292342342960711,-0.4798567654298188,-0.6432494670875735,-1.2353507832384072,3.5893231630367843,1.178860115170367,1.7688076614016153,1.7008665818906816,0.5833853926513113,1.328544543306118,1.0410698456029082,1.2875256261507457
0,0,1,0,1,1,1,1,0,1,1,1,0,0.0,0.0,1.0,0.0,0.0,0.0,1.0,0.0,0.0,0.0,0.0,1.0,0.0,-1.3309536397843746,1.1438556741642336,1.3603706359757965,-0.6432494670875735,-1.2353507832384072,-0.4499436443692835,-1.0544719975025107,-0.23601020446248228,0.8014792996325567,0.5833853926513113,0.55109995870476,1.0410698456029082,-0.7142362329569328
1,0,0,0,1,0,0,0,0,1,1,1,0,0.0,1.0,0.0,0.0,0.0,1.0,0.0,0.0,1.0,0.0,0.0,1.0,0.0,1.023046454461126,-1.6000086454402538,-1.3999704661326267,3.663251202397029,1.1507790914763643,-0.4499436443692835,0.06219405883392808,-0.23601020446248228,-0.997295264883693,-0.5406986566036541,-0.2263446258965981,0.32089018008075637,-0.464016000568473
0,0,1,0,1,0,1,1,1,1,1,1,1,1.0,0.0,0.0,0.0,0.0,0.0,1.0,0.0,1.0,0.0,0.0,1.0,0.0,-1.3309536397843746,1.1438556741642336,-0.4798567654298188,-0.6432494670875735,1.1507790914763643,-0.4499436443692835,-1.0544719975025107,-1.238419137394531,-0.997295264883693,-0.5406986566036541,-1.0037892104979562,1.0410698456029082,-0.464016000568473
0,1,1,0,1,0,1,1,1,1,1,1,1,1.0,0.0,0.0,0.0,0.0,1.0,0.0,0.0,0.0,0.0,1.0,0.0,0.0,1.023046454461126,1.1438556741642336,-0.4798567654298188,-0.6432494670875735,-0.04228584588102149,-0.4499436443692835,1.178860115170367,0.7663987284695665,1.7008665818906816,-0.5406986566036541,0.55109995870476,1.0410698456029082,0.5368649289853663
0,1,1,1,1,0,0,1,1,1,1,1,1,0.0,1.0,0.0,0.0,0.0,1.0,0.0,0.0,0.0,0.0,0.0,1.0,0.0,-0.5462869417025411,-0.6853872055720913,-1.3999704661326267,-0.6432494670875735,-0.04228584588102149,-0.4499436443692835,0.06219405883392808,-1.238419137394531,-0.09790798262556814,-0.5406986566036541,-0.2263446258965981,1.0410698456029082,-0.7142362329569328
0,0,1,0,1,0,0,0,1,0,1,1,0,0.0,1.0,0.0,0.0,0.0,1.0,0.0,0.0,0.0,0.0,0.0,1.0,0.0,0.23837975637929248,0.2292342342960711,-0.4798567654298188,-0.6432494670875735,-0.04228584588102149,-0.4499436443692835,1.178860115170367,-0.23601020446248228,0.8014792996325567,-0.5406986566036541,0.55109995870476,-0.3992894854413955,0.5368649289853663
0,1,0,0,1,0,1,0,1,1,1,1,1,0.0,0.0,0.0,1.0,0.0,0.0,0.0,0.0,0.0,0.0,0.0,1.0,0.0,-1.3309536397843746,1.1438556741642336,0.4402569352729889,-0.6432494670875735,-0.04228584588102149,-0.4499436443692835,0.06219405883392808,1.7688076614016153,-0.997295264883693,-0.5406986566036541,-1.0037892104979562,1.0410698456029082,-0.7142362329569328
0,1,1,0,1,0,0,0,1,1,1,1,0,1.0,0.0,0.0,0.0,0.0,0.0,1.0,0.0,0.0,0.0,1.0,1.0,0.0,-0.5462869417025411,1.1438556741642336,0.4402569352729889,-0.6432494670875735,2.34384402883375,-0.4499436443692835,0.06219405883392808,-1.238419137394531,-0.997295264883693,-0.5406986566036541,-1.0037892104979562,-1.1194691509635473,-0.21379576818001317
0,0,1,0,1,0,1,1,1,1,1,1,0,0.0,1.0,0.0,0.0,0.0,0.0,1.0,0.0,1.0,0.0,0.0,0.0,1.0,1.8077131525429595,0.2292342342960711,0.4402569352729889,-0.6432494670875735,-0.04228584588102149,2.2429008939014285,0.06219405883392808,-0.23601020446248228,1.7008665818906816,1.7074694419062766,0.55109995870476,1.0410698456029082,1.1624155099565159
0,1,1,1,0,0,1,0,0,1,1,0,0,0.0,0.0,0.0,1.0,1.0,0.0,0.0,0.0,0.0,0.0,1.0,1.0,0.0,-0.5462869417025411,1.1438556741642336,1.3603706359757965,-0.6432494670875735,-0.04228584588102149,-0.4499436443692835,0.06219405883392808,-2.2408280703265797,-0.09790798262556814,1.7074694419062766,2.1059891279074763,1.0410698456029082,1.5377458585392054
0,1,1,1,0,0,1,1,0,1,1,1,0,0.0,0.0,1.0,0.0,0.0,1.0,0.0,0.0,1.0,0.0,0.0,1.0,0.0,-1.3309536397843746,0.2292342342960711,-0.4798567654298188,-0.6432494670875735,-0.04228584588102149,-0.4499436443692835,0.06219405883392808,-1.238419137394531,-0.997295264883693,-0.5406986566036541,-1.0037892104979562,-1.8396488164856992,-0.7142362329569328
0,0,1,0,0,0,1,1,1,1,1,1,0,0.0,0.0,1.0,0.0,0.0,0.0,1.0,0.0,0.0,0.0,1.0,1.0,0.0,-1.3309536397843746,1.1438556741642336,0.4402569352729889,-0.6432494670875735,-0.04228584588102149,-0.4499436443692835,0.06219405883392808,-0.23601020446248228,-0.997295264883693,-0.5406986566036541,-1.0037892104979562,-1.8396488164856992,-0.7142362329569328
0,1,1,0,1,0,1,1,0,0,1,1,0,0.0,1.0,0.0,0.0,0.0,1.0,0.0,0.0,1.0,0.0,0.0,1.0,0.0,-0.5462869417025411,0.2292342342960711,-0.4798567654298188,-0.6432494670875735,-1.2353507832384072,-0.4499436443692835,1.178860115170367,0.7663987284695665,-0.09790798262556814,-0.5406986566036541,-1.0037892104979562,1.0410698456029082,-0.7142362329569328
0,0,1,0,1,1,0,0,1,1,1,1,0,0.0,1.0,0.0,0.0,0.0,1.0,0.0,0.0,1.0,0.0,0.0,1.0,0.0,1.023046454461126,-1.6000086454402538,-1.3999704661326267,0.7922507560739607,-0.04228584588102149,-0.4499436443692835,1.178860115170367,0.7663987284695665,0.8014792996325567,-0.5406986566036541,-1.0037892104979562,0.32089018008075637,-0.21379576818001317
0,0,0,0,1,0,0,0,1,1,1,0,0,0.0,0.0,0.0,0.0,0.0,0.0,1.0,0.0,0.0,0.0,0.0,1.0,0.0,0.23837975637929248,-0.6853872055720913,-1.3999704661326267,2.227750979235495,-0.04228584588102149,-0.4499436443692835,-2.1711380538389498,-2.2408280703265797,-1.896682547141818,-0.5406986566036541,-1.0037892104979562,-0.3992894854413955,-0.464016000568473
0,0,0,0,1,1,1,1,1,1,1,0,0,0.0,0.0,0.0,0.0,0.0,1.0,0.0,0.0,0.0,0.0,1.0,1.0,0.0,-1.3309536397843746,-0.6853872055720913,-0.4798567654298188,-0.6432494670875735,-1.2353507832384072,-0.4499436443692835,0.06219405883392808,-0.23601020446248228,-1.896682547141818,-0.5406986566036541,-1.0037892104979562,-1.1194691509635473,0.28664469659690645
0,0,1,0,1,0,1,1,1,1,1,1,0,0.0,0.0,1.0,0.0,0.0,0.0,0.0,0.0,0.0,0.0,1.0,0.0,1.0,1.023046454461126,-0.6853872055720913,1.3603706359757965,-0.6432494670875735,-0.04228584588102149,0.8964786247660724,0.06219405883392808,0.7663987284695665,-0.09790798262556814,-0.5406986566036541,-1.0037892104979562,-0.3992894854413955,0.28664469659690645
0,0,1,0,0,0,1,0,0,1,1,1,1,0.0,0.0,0.0,0.0,0.0,0.0,0.0,0.0,1.0,0.0,0.0,0.0,0.0,0.23837975637929248,-0.6853872055720913,-0.4798567654298188,-0.6432494670875735,-0.04228584588102149,0.8964786247660724,-1.0544719975025107,-0.23601020446248228,-1.896682547141818,-0.5406986566036541,-0.2263446258965981,0.32089018008075637,-0.7142362329569328
0,0,1,0,1,0,0,0,1,0,1,0,0,0.0,1.0,0.0,0.0,0.0,1.0,0.0,0.0,1.0,0.0,0.0,1.0,0.0,0.23837975637929248,0.2292342342960711,0.4402569352729889,-0.6432494670875735,1.1507790914763643,-0.4499436443692835,-1.0544719975025107,-1.238419137394531,-0.09790798262556814,-0.5406986566036541,-1.0037892104979562,0.32089018008075637,-0.21379576818001317
0,1,1,1,1,0,0,0,1,1,1,1,1,0.0,0.0,1.0,0.0,0.0,1.0,0.0,0.0,1.0,0.0,0.0,1.0,0.0,1.023046454461126,0.2292342342960711,1.3603706359757965,-0.6432494670875735,-0.04228584588102149,-0.4499436443692835,0.06219405883392808,-0.23601020446248228,-0.09790798262556814,-0.5406986566036541,0.55109995870476,1.0410698456029082,0.6619750451795962
0,0,1,0,1,0,0,0,0,0,1,1,1,0.0,0.0,0.0,0.0,1.0,0.0,0.0,0.0,1.0,0.0,0.0,0.0,1.0,1.8077131525429595,-1.6000086454402538,-1.3999704661326267,-0.6432494670875735,1.1507790914763643,2.2429008939014285,0.06219405883392808,-2.2408280703265797,-0.997295264883693,-0.5406986566036541,-1.0037892104979562,-0.3992894854413955,1.0373053937622858
0,1,1,1,0,1,1,0,1,1,1,1,0,0.0,0.0,1.0,0.0,0.0,1.0,0.0,0.0,1.0,0.0,0.0,1.0,0.0,-0.5462869417025411,0.2292342342960711,1.3603706359757965,-0.6432494670875735,-0.04228584588102149,-0.4499436443692835,1.178860115170367,-0.23601020446248228,-0.09790798262556814,-0.5406986566036541,-1.0037892104979562,1.0410698456029082,-0.21379576818001317
0,1,1,0,1,0,1,1,0,1,1,1,0,0.0,1.0,0.0,0.0,0.0,1.0,0.0,0.0,0.0,0.0,1.0,0.0,0.0,-0.5462869417025411,0.2292342342960711,-1.3999704661326267,0.7922507560739607,2.34384402883375,-0.4499436443692835,0.06219405883392808,-0.23601020446248228,-0.997295264883693,-0.5406986566036541,-1.0037892104979562,1.0410698456029082,-0.7142362329569328
0,1,1,0,1,0,1,0,1,1,1,1,0,0.0,0.0,1.0,0.0,0.0,0.0,0.0,1.0,0.0,0.0,0.0,0.0,0.0,-1.3309536397843746,1.1438556741642336,1.3603706359757965,-0.6432494670875735,-0.04228584588102149,-0.4499436443692835,0.06219405883392808,-0.23601020446248228,-0.09790798262556814,-0.5406986566036541,-1.0037892104979562,1.0410698456029082,-0.464016000568473
0,1,1,0,1,0,1,1,1,1,1,1,0,0.0,0.0,1.0,0.0,0.0,0.0,1.0,0.0,1.0,0.0,0.0,0.0,0.0,-1.3309536397843746,-0.6853872055720913,-0.4798567654298188,-0.6432494670875735,2.34384402883375,-0.4499436443692835,1.178860115170367,1.7688076614016153,0.8014792996325567,-0.5406986566036541,-0.2263446258965981,1.0410698456029082,0.03642446420844665
0,1,1,1,1,0,1,0,1,1,1,1,0,0.0,0.0,0.0,1.0,0.0,0.0,1.0,0.0,1.0,0.0,0.0,1.0,0.0,-1.3309536397843746,1.1438556741642336,0.4402569352729889,-0.6432494670875735,1.1507790914763643,-0.4499436443692835,1.178860115170367,0.7663987284695665,-0.09790798262556814,-0.5406986566036541,-1.0037892104979562,0.32089018008075637,-0.464016000568473
0,1,1,1,1,0,1,1,0,1,1,1,0,0.0,1.0,0.0,0.0,0.0,1.0,0.0,0.0,1.0,0.0,0.0,1.0,0.0,-0.5462869417025411,-1.6000086454402538,-1.3999704661326267,0.7922507560739607,-0.04228584588102149,-0.4499436443692835,-1.0544719975025107,0.7663987284695665,-0.997295264883693,-0.5406986566036541,-1.0037892104979562,1.0410698456029082,1.5377458585392054
0,1,1,1,0,0,1,1,1,1,1,1,0,0.0,0.0,0.0,1.0,0.0,0.0,0.0,1.0,0.0,0.0,1.0,1.0,0.0,1.023046454461126,1.1438556741642336,1.3603706359757965,-0.6432494670875735,-0.04228584588102149,-0.4499436443692835,1.178860115170367,0.7663987284695665,-0.09790798262556814,-0.5406986566036541,-1.0037892104979562,-1.1194691509635473,0.41175481279113635
0,1,1,0,1,0,0,0,1,0,1,1,0,0.0,1.0,0.0,0.0,0.0,1.0,0.0,0.0,0.0,0.0,1.0,0.0,0.0,0.23837975637929248,0.2292342342960711,0.4402569352729889,-0.6432494670875735,-0.04228584588102149,-0.4499436443692835,0.06219405883392808,-0.23601020446248228,0.8014792996325567,-0.5406986566036541,1.328544543306118,0.32089018008075637,-0.21379576818001317
0,0,0,0,0,0,0,0,0,0,0,1,1,0.0,1.0,0.0,0.0,0.0,0.0,1.0,0.0,1.0,0.0,0.0,1.0,0.0,1.023046454461126,0.2292342342960711,-0.4798567654298188,0.7922507560739607,-0.04228584588102149,-0.4499436443692835,0.06219405883392808,-2.2408280703265797,-1.896682547141818,-0.5406986566036541,-1.0037892104979562,1.0410698456029082,8.669022481610309
0,1,1,0,1,0,0,0,0,1,0,1,0,0.0,1.0,0.0,0.0,0.0,0.0,1.0,0.0,0.0,0.0,1.0,0.0,0.0,1.023046454461126,-0.6853872055720913,-0.4798567654298188,-0.6432494670875735,-0.04228584588102149,0.8964786247660724,1.178860115170367,1.7688076614016153,0.8014792996325567,1.7074694419062766,2.1059891279074763,-1.1194691509635473,-0.7142362329569328
1,1,0,0,1,0,0,0,0,1,1,0,0,0.0,1.0,0.0,0.0,0.0,0.0,1.0,0.0,0.0,1.0,0.0,1.0,0.0,1.8077131525429595,-1.6000086454402538,-1.3999704661326267,0.7922507560739607,-1.2353507832384072,0.8964786247660724,0.06219405883392808,-0.23601020446248228,-0.997295264883693,-0.5406986566036541,0.55109995870476,1.0410698456029082,-0.7142362329569328
0,0,0,1,1,0,1,1,0,1,1,0,0,0.0,0.0,1.0,0.0,0.0,1.0,0.0,0.0,0.0,1.0,0.0,1.0,0.0,0.23837975637929248,1.1438556741642336,1.3603706359757965,-0.6432494670875735,-1.2353507832384072,-0.4499436443692835,1.178860115170367,-1.238419137394531,-1.896682547141818,-0.5406986566036541,-0.2263446258965981,-0.3992894854413955,0.7870851613738261
0,0,1,0,1,0,0,0,1,1,1,1,0,0.0,0.0,0.0,0.0,0.0,0.0,1.0,0.0,0.0,0.0,0.0,1.0,0.0,0.23837975637929248,-1.6000086454402538,-1.3999704661326267,-0.6432494670875735,-0.04228584588102149,-0.4499436443692835,1.178860115170367,-0.23601020446248228,-0.09790798262556814,-0.5406986566036541,-1.0037892104979562,-0.3992894854413955,-0.7142362329569328
0,0,1,0,1,0,0,0,0,0,1,1,0,0.0,0.0,0.0,0.0,0.0,0.0,1.0,0.0,0.0,0.0,0.0,1.0,0.0,-1.3309536397843746,-1.6000086454402538,-0.4798567654298188,-0.6432494670875735,-0.04228584588102149,-0.4499436443692835,-1.0544719975025107,-1.238419137394531,-0.09790798262556814,-0.5406986566036541,-0.2263446258965981,-1.8396488164856992,-0.464016000568473
0,0,1,1,0,0,1,0,0,1,1,1,0,0.0,1.0,0.0,0.0,0.0,0.0,1.0,0.0,1.0,0.0,0.0,1.0,0.0,-0.5462869417025411,0.2292342342960711,0.4402569352729889,-0.6432494670875735,-0.04228584588102149,-0.4499436443692835,-2.1711380538389498,-0.23601020446248228,1.7008665818906816,-0.5406986566036541,1.328544543306118,-0.3992894854413955,0.7870851613738261
0,1,1,0,1,0,1,0,1,1,1,1,1,0.0,0.0,1.0,0.0,0.0,0.0,0.0,1.0,0.0,1.0,0.0,0.0,0.0,-0.5462869417025411,1.1438556741642336,1.3603706359757965,-0.6432494670875735,1.1507790914763643,-0.4499436443692835,0.06219405883392808,0.7663987284695665,-0.09790798262556814,-0.5406986566036541,-1.0037892104979562,0.32089018008075637,-0.7142362329569328
0,0,1,1,1,0,1,0,1,0,1,1,1,0.0,1.0,0.0,0.0,0.0,1.0,0.0,0.0,1.0,0.0,0.0,1.0,0.0,-0.5462869417025411,-0.6853872055720913,-0.4798567654298188,0.7922507560739607,-0.04228584588102149,0.8964786247660724,-1.0544719975025107,-0.23601020446248228,-0.09790798262556814,-0.5406986566036541,-0.2263446258965981,-0.3992894854413955,2.413516671898815
1,0,0,0,1,0,1,1,1,0,1,1,0,0.0,0.0,0.0,0.0,0.0,1.0,0.0,0.0,0.0,0.0,1.0,1.0,0.0,0.23837975637929248,0.2292342342960711,-1.3999704661326267,-0.6432494670875735,-0.04228584588102149,-0.4499436443692835,0.06219405883392808,1.7688076614016153,0.8014792996325567,0.5833853926513113,0.55109995870476,-1.8396488164856992,1.4126357423449756
0,0,1,0,1,0,1,1,1,0,1,1,0,1.0,0.0,0.0,0.0,1.0,0.0,0.0,0.0,0.0,0.0,1.0,0.0,0.0,0.23837975637929248,0.2292342342960711,-0.4798567654298188,-0.6432494670875735,2.34384402883375,-0.4499436443692835,1.178860115170367,-1.238419137394531,-0.997295264883693,-0.5406986566036541,-0.2263446258965981,1.0410698456029082,-0.7142362329569328
0,1,1,1,0,0,0,0,0,1,1,1,0,0.0,0.0,1.0,0.0,0.0,1.0,0.0,0.0,0.0,0.0,0.0,1.0,0.0,-1.3309536397843746,-0.6853872055720913,-1.3999704661326267,3.663251202397029,-1.2353507832384072,3.5893231630367843,0.06219405883392808,1.7688076614016153,1.7008665818906816,0.5833853926513113,2.1059891279074763,1.0410698456029082,-0.7142362329569328
0,1,1,0,1,0,0,1,1,1,1,1,0,0.0,0.0,1.0,0.0,0.0,0.0,1.0,0.0,0.0,0.0,1.0,1.0,0.0,1.023046454461126,-0.6853872055720913,-1.3999704661326267,-0.6432494670875735,1.1507790914763643,-0.4499436443692835,0.06219405883392808,-1.238419137394531,0.8014792996325567,-0.5406986566036541,0.55109995870476,-1.1194691509635473,0.03642446420844665
0,1,1,0,1,0,1,1,0,0,1,1,0,0.0,0.0,0.0,1.0,0.0,1.0,0.0,0.0,0.0,0.0,0.0,1.0,0.0,1.023046454461126,1.1438556741642336,0.4402569352729889,-0.6432494670875735,-0.04228584588102149,-0.4499436443692835,0.06219405883392808,-0.23601020446248228,-0.997295264883693,-0.5406986566036541,-1.0037892104979562,-0.3992894854413955,-0.464016000568473
0,0,1,0,1,0,1,0,0,0,0,0,0,0.0,0.0,0.0,0.0,0.0,1.0,0.0,0.0,0.0,0.0,0.0,0.0,1.0,1.8077131525429595,-2.5146300853084163,-1.3999704661326267,-0.6432494670875735,-0.04228584588102149,3.5893231630367843,-1.0544719975025107,0.7663987284695665,-0.997295264883693,-0.5406986566036541,-1.0037892104979562,1.0410698456029082,-0.464016000568473
0,0,1,0,1,1,0,0,0,1,1,1,0,0.0,0.0,1.0,0.0,0.0,0.0,0.0,1.0,0.0,1.0,0.0,1.0,0.0,-0.5462869417025411,-0.6853872055720913,0.4402569352729889,-0.6432494670875735,-0.04228584588102149,-0.4499436443692835,-2.1711380538389498,-0.23601020446248228,-1.896682547141818,-0.5406986566036541,-1.0037892104979562,-0.3992894854413955,-0.464016000568473
0,0,1,0,1,1,1,0,1,0,1,1,0,0.0,0.0,1.0,0.0,0.0,0.0,0.0,1.0,0.0,1.0,0.0,0.0,0.0,-1.3309536397843746,1.1438556741642336,1.3603706359757965,-0.6432494670875735,-0.04228584588102149,0.8964786247660724,0.06219405883392808,0.7663987284695665,0.8014792996325567,-0.5406986566036541,-1.0037892104979562,-0.3992894854413955,-0.464016000568473
0,1,1,0,1,0,0,0,0,1,0,1,0,0.0,1.0,0.0,0.0,0.0,1.0,0.0,0.0,0.0,0.0,0.0,0.0,0.0,-0.5462869417025411,-0.6853872055720913,-0.4798567654298188,-0.6432494670875735,-0.04228584588102149,-0.4499436443692835,0.06219405883392808,-0.23601020446248228,1.7008665818906816,0.5833853926513113,1.328544543306118,0.32089018008075637,-0.21379576818001317
0,1,0,0,1,0,1,1,1,1,1,1,1,0.0,1.0,0.0,0.0,0.0,1.0,0.0,0.0,1.0,0.0,0.0,0.0,0.0,-1.3309536397843746,1.1438556741642336,1.3603706359757965,3.663251202397029,2.34384402883375,-0.4499436443692835,-3.2878041101753888,-0.23601020446248228,1.7008665818906816,1.7074694419062766,2.1059891279074763,-1.8396488164856992,0.03642446420844665
0,1,1,0,1,0,1,1,1,1,1,1,0,0.0,0.0,0.0,1.0,0.0,1.0,0.0,0.0,1.0,0.0,0.0,1.0,0.0,-0.5462869417025411,1.1438556741642336,0.4402569352729889,-0.6432494670875735,-0.04228584588102149,-0.4499436443692835,-1.0544719975025107,0.7663987284695665,-0.09790798262556814,0.5833853926513113,0.55109995870476,-0.3992894854413955,0.5368649289853663
0,0,0,0,1,0,0,0,0,1,1,1,1,0.0,1.0,0.0,0.0,0.0,1.0,0.0,0.0,0.0,0.0,1.0,0.0,1.0,1.8077131525429595,-0.6853872055720913,0.4402569352729889,-0.6432494670875735,1.1507790914763643,0.8964786247660724,0.06219405883392808,-2.2408280703265797,-0.997295264883693,-0.5406986566036541,-1.0037892104979562,-0.3992894854413955,4.290168414812263
0,0,0,1,1,0,1,1,0,1,1,0,0,0.0,0.0,1.0,0.0,0.0,1.0,0.0,0.0,0.0,0.0,1.0,1.0,0.0,0.23837975637929248,0.2292342342960711,-1.3999704661326267,0.7922507560739607,2.34384402883375,-0.4499436443692835,-1.0544719975025107,-2.2408280703265797,-0.997295264883693,-0.5406986566036541,-1.0037892104979562,-0.3992894854413955,0.03642446420844665
0,1,1,0,1,0,1,0,1,1,1,1,1,0.0,1.0,0.0,0.0,0.0,1.0,0.0,0.0,0.0,0.0,0.0,1.0,0.0,0.23837975637929248,1.1438556741642336,0.4402569352729889,-0.6432494670875735,-0.04228584588102149,-0.4499436443692835,1.178860115170367,-1.238419137394531,-0.09790798262556814,-0.5406986566036541,-1.0037892104979562,-1.1194691509635473,-0.21379576818001317
1,1,1,1,1,0,0,0,0,1,0,1,1,0.0,0.0,0.0,0.0,0.0,0.0,1.0,0.0,0.0,0.0,0.0,1.0,0.0,1.023046454461126,-1.6000086454402538,0.4402569352729889,-0.6432494670875735,-1.2353507832384072,0.8964786247660724,0.06219405883392808,-0.23601020446248228,-0.09790798262556814,0.5833853926513113,0.55109995870476,-0.3992894854413955,0.16153458040267657
0,1,1,1,1,0,1,0,1,1,1,1,0,0.0,0.0,1.0,0.0,1.0,0.0,0.0,0.0,0.0,0.0,1.0,1.0,0.0,-1.3309536397843746,-0.6853872055720913,-0.4798567654298188,-0.6432494670875735,2.34384402883375,-0.4499436443692835,0.06219405883392808,-0.23601020446248228,0.8014792996325567,-0.5406986566036541,-1.0037892104979562,0.32089018008075637,0.03642446420844665
0,1,1,0,1,1,0,0,0,1,1,1,0,0.0,0.0,1.0,0.0,0.0,0.0,1.0,0.0,1.0,0.0,0.0,0.0,0.0,-1.3309536397843746,0.2292342342960711,1.3603706359757965,-0.6432494670875735,-1.2353507832384072,-0.4499436443692835,1.178860115170367,1.7688076614016153,1.7008665818906816,1.7074694419062766,-0.2263446258965981,1.0410698456029082,-0.7142362329569328
0,0,1,0,1,0,1,1,0,0,1,0,0,0.0,1.0,0.0,0.0,0.0,1.0,0.0,0.0,0.0,0.0,0.0,1.0,0.0,0.23837975637929248,-1.6000086454402538,-1.3999704661326267,-0.6432494670875735,-0.04228584588102149,-0.4499436443692835,0.06219405883392808,0.7663987284695665,0.8014792996325567,-0.5406986566036541,0.55109995870476,-1.8396488164856992,-0.21379576818001317
0,1,1,1,1,0,1,1,1,1,1,1,0,0.0,0.0,0.0,1.0,0.0,1.0,0.0,0.0,0.0,0.0,1.0,1.0,0.0,0.23837975637929248,1.1438556741642336,1.3603706359757965,-0.6432494670875735,-0.04228584588102149,-0.4499436443692835,0.06219405883392808,0.7663987284695665,0.8014792996325567,-0.5406986566036541,0.55109995870476,1.0410698456029082,-0.7142362329569328
0,0,1,0,0,0,0,1,1,1,1,1,1,0.0,1.0,0.0,0.0,0.0,1.0,0.0,0.0,0.0,1.0,0.0,1.0,0.0,-0.5462869417025411,-0.6853872055720913,-1.3999704661326267,-0.6432494670875735,-0.04228584588102149,-0.4499436443692835,1.178860115170367,-0.23601020446248228,0.8014792996325567,-0.5406986566036541,-1.0037892104979562,-1.1194691509635473,0.28664469659690645
